0.00140557820305842,0.00140557820305842,0.00140557820305842,0.00140557820305842,0.00140557820305842,0,0,0,0,0
1,1,1,1,1,1,1,1,1,1
1,1,1,1,1,1,1,1,1,1
0.00140557820305842,0.00140557820305842,0.00140557820305842,0.00140557820305842,0.00140557820305842,0,0,0,0,0
1,1,1,1,1,1,1,1,1,1
1,1,1,1,1,1,1,1,1,1
1,1,1,1,1,1,1,1,1,1
1,1,1,1,1,1,1,1,1,1
0.0999333753880567,0.0999333753880567,0.0999333753880567,0.0999333753880567,0.0999333753880567,0,0,0,0,1
1,1,1,1,1,1,1,1,1,1
1,1,1,1,1,1,1,1,1,1
1,1,1,1,1,1,1,1,1,1
1,1,1,1,1,1,1,1,1,1
1,1,1,1,1,1,1,1,1,1
1,1,1,1,1,1,1,1,1,1
1,1,1,1,1,1,1,1,1,1
1,1,1,1,1,1,1,1,1,1
1,1,1,1,1,1,1,1,1,1
0.000385126735262253,0.000385126735262253,0.000385126735262253,0.000385126735262253,0.000385126735262253,0,0,0,0,0
1,1,1,1,1,1,1,1,1,1
1,1,1,1,1,1,1,1,1,1
1,1,1,1,1,1,1,1,1,1
1,1,1,1,1,1,1,1,1,1
1,1,1,1,1,1,1,1,1,1
1,1,1,1,1,1,1,1,1,1
1,1,1,1,1,1,1,1,1,1
1,1,1,1,1,1,1,1,1,1
1,1,1,1,1,1,1,1,1,1
1,1,1,1,1,1,1,1,1,1
1,1,1,1,1,1,1,1,1,1
1,1,1,1,1,1,1,1,1,1
1,1,1,1,1,1,1,1,1,1
1,1,1,1,1,1,1,1,1,1
0.0330612045704188,0.0330612045704188,0.0330612045704188,0.0330612045704188,0.0330612045704188,0,0,0,0,1
1,1,1,1,1,1,1,1,1,1
1,1,1,1,1,1,1,1,1,1
0.000266282823926267,0.000266282823926267,0.000266282823926267,0.000266282823926267,0.000266282823926267,0,0,0,0,0
1,1,1,1,1,1,1,1,1,1
1,1,1,1,1,1,1,1,1,1
1,1,1,1,1,1,1,1,1,1
0.0330612045704188,0.0330612045704188,0.0330612045704188,0.0330612045704188,0.0330612045704188,0,0,0,0,1
0.0330612045704188,0.0330612045704188,0.0330612045704188,0.0330612045704188,0.0330612045704188,0,0,0,0,1
0.0330612045704188,0.0330612045704188,0.0330612045704188,0.0330612045704188,0.0330612045704188,0,0,0,0,1
0.0330612045704188,0.0330612045704188,0.0330612045704188,0.0330612045704188,0.0330612045704188,0,0,0,0,1
0.0330612045704188,0.0330612045704188,0.0330612045704188,0.0330612045704188,0.0330612045704188,0,0,0,0,1
1,1,1,1,1,1,1,1,1,1
0.000266282823926267,0.000266282823926267,0.000266282823926267,0.000266282823926267,0.000266282823926267,0,0,0,0,0
1,1,1,1,1,1,1,1,1,1
1,1,1,1,1,1,1,1,1,1
0.0330612045704188,0.0330612045704188,0.0330612045704188,0.0330612045704188,0.0330612045704188,0,0,0,0,1
0.0330612045704188,0.0330612045704188,0.0330612045704188,0.0330612045704188,0.0330612045704188,0,0,0,0,1
1,1,1,1,1,1,1,1,1,1
1,1,1,1,1,1,1,1,1,1
1,1,1,1,1,1,1,1,1,1
1,1,1,1,1,1,1,1,1,1
1,1,1,1,1,1,1,1,1,1
0.000266282823926267,0.000266282823926267,0.000266282823926267,0.000266282823926267,0.000266282823926267,0,0,0,0,0
1,1,1,1,1,1,1,1,1,1
1,1,1,1,1,1,1,1,1,1
1,1,1,1,1,1,1,1,1,1
1,1,1,1,1,1,1,1,1,1
0.0330612045704188,0.0330612045704188,0.0330612045704188,0.0330612045704188,0.0330612045704188,0,0,0,0,1
1,1,1,1,1,1,1,1,1,1
1,1,1,1,1,1,1,1,1,1
0.000266282823926267,0.000266282823926267,0.000266282823926267,0.000266282823926267,0.000266282823926267,0,0,0,0,0
1,1,1,1,1,1,1,1,1,1
1,1,1,1,1,1,1,1,1,1
0.0330612045704188,0.0330612045704188,0.0330612045704188,0.0330612045704188,0.0330612045704188,0,0,0,0,1
0.0330612045704188,0.0330612045704188,0.0330612045704188,0.0330612045704188,0.0330612045704188,0,0,0,0,1
1,1,1,1,1,1,1,1,1,1
0.000266282823926267,0.000266282823926267,0.000266282823926267,0.000266282823926267,0.000266282823926267,0,0,0,0,0
0.000266282823926267,0.000266282823926267,0.000266282823926267,0.000266282823926267,0.000266282823926267,0,0,0,0,0
1,1,1,1,1,1,1,1,1,1
0.0330612045704188,0.0330612045704188,0.0330612045704188,0.0330612045704188,0.0330612045704188,0,0,0,0,1
0.0330612045704188,0.0330612045704188,0.0330612045704188,0.0330612045704188,0.0330612045704188,0,0,0,0,1
0.0330612045704188,0.0330612045704188,0.0330612045704188,0.0330612045704188,0.0330612045704188,0,0,0,0,1
0.0330612045704188,0.0330612045704188,0.0330612045704188,0.0330612045704188,0.0330612045704188,0,0,0,0,1
1,1,1,1,1,1,1,1,1,1
0.000266282823926267,0.000266282823926267,0.000266282823926267,0.000266282823926267,0.000266282823926267,0,0,0,0,0
1,1,1,1,1,1,1,1,1,1
0.0330612045704188,0.0330612045704188,0.0330612045704188,0.0330612045704188,0.0330612045704188,0,0,0,0,1
1,1,1,1,1,1,1,1,1,1
0.000266282823926267,0.000266282823926267,0.000266282823926267,0.000266282823926267,0.000266282823926267,0,0,0,0,0
1,1,1,1,1,1,1,1,1,1
1,1,1,1,1,1,1,1,1,1
1,1,1,1,1,1,1,1,1,1
0.000103027990359883,0.000103027990359883,0.000103027990359883,0.000103027990359883,0.000103027990359883,0,0,0,0,0
0.0177130612999818,0.0177130612999818,0.0177130612999818,0.0177130612999818,0.0177130612999818,0,0,0,0,1
0.0177130612999818,0.0177130612999818,0.0177130612999818,0.0177130612999818,0.0177130612999818,0,0,0,0,1
1,1,1,1,1,1,1,1,1,1
0.0177130612999818,0.0177130612999818,0.0177130612999818,0.0177130612999818,0.0177130612999818,0,0,0,0,1
0.0177130612999818,0.0177130612999818,0.0177130612999818,0.0177130612999818,0.0177130612999818,0,0,0,0,1
0.000103027990359883,0.000103027990359883,0.000103027990359883,0.000103027990359883,0.000103027990359883,0,0,0,0,0
1,1,1,1,1,1,1,1,1,1
0.000103027990359883,0.000103027990359883,0.000103027990359883,0.000103027990359883,0.000103027990359883,0,0,0,0,0
1,1,1,1,1,1,1,1,1,1
1,1,1,1,1,1,1,1,1,1
0.0177130612999818,0.0177130612999818,0.0177130612999818,0.0177130612999818,0.0177130612999818,0,0,0,0,1
0.0177130612999818,0.0177130612999818,0.0177130612999818,0.0177130612999818,0.0177130612999818,0,0,0,0,1
1,1,1,1,1,1,1,1,1,1
0.000103027990359883,0.000103027990359883,0.000103027990359883,0.000103027990359883,0.000103027990359883,0,0,0,0,0
0.000103027990359883,0.000103027990359883,0.000103027990359883,0.000103027990359883,0.000103027990359883,0,0,0,0,0
1,1,1,1,1,1,1,1,1,1
1,1,1,1,1,1,1,1,1,1
0.0177130612999818,0.0177130612999818,0.0177130612999818,0.0177130612999818,0.0177130612999818,0,0,0,0,1
1,1,1,1,1,1,1,1,1,1
1,1,1,1,1,1,1,1,1,1
1,1,1,1,1,1,1,1,1,1
1,1,1,1,1,1,1,1,1,1
1,1,1,1,1,1,1,1,1,1
1,1,1,1,1,1,1,1,1,1
0.000103027990359883,0.000103027990359883,0.000103027990359883,0.000103027990359883,0.000103027990359883,0,0,0,0,0
1,1,1,1,1,1,1,1,1,1
0.000103027990359883,0.000103027990359883,0.000103027990359883,0.000103027990359883,0.000103027990359883,0,0,0,0,0
1,1,1,1,1,1,1,1,1,1
1,1,1,1,1,1,1,1,1,1
0.0177130612999818,0.0177130612999818,0.0177130612999818,0.0177130612999818,0.0177130612999818,0,0,0,0,1
1,1,1,1,1,1,1,1,1,1
1,1,1,1,1,1,1,1,1,1
1,1,1,1,1,1,1,1,1,1
1,1,1,1,1,1,1,1,1,1
1,1,1,1,1,1,1,1,1,1
1,1,1,1,1,1,1,1,1,1
0.000103027990359883,0.000103027990359883,0.000103027990359883,0.000103027990359883,0.000103027990359883,0,0,0,0,0
0.0177130612999818,0.0177130612999818,0.0177130612999818,0.0177130612999818,0.0177130612999818,0,0,0,0,1
0.0177130612999818,0.0177130612999818,0.0177130612999818,0.0177130612999818,0.0177130612999818,0,0,0,0,1
1,1,1,1,1,1,1,1,1,1
1,1,1,1,1,1,1,1,1,1
0.0177130612999818,0.0177130612999818,0.0177130612999818,0.0177130612999818,0.0177130612999818,0,0,0,0,1
1,1,1,1,1,1,1,1,1,1
1,1,1,1,1,1,1,1,1,1
1,1,1,1,1,1,1,1,1,1
0.000103027990359883,0.000103027990359883,0.000103027990359883,0.000103027990359883,0.000103027990359883,0,0,0,0,0
1,1,1,1,1,1,1,1,1,1
1,1,1,1,1,1,1,1,1,1
0.0177130612999818,0.0177130612999818,0.0177130612999818,0.0177130612999818,0.0177130612999818,0,0,0,0,1
1,1,1,1,1,1,1,1,1,1
0.0177130612999818,0.0177130612999818,0.0177130612999818,0.0177130612999818,0.0177130612999818,0,0,0,0,1
0.0177130612999818,0.0177130612999818,0.0177130612999818,0.0177130612999818,0.0177130612999818,0,0,0,0,1
1,1,1,1,1,1,1,1,1,1
0.307556551464537,0.307556551464537,0.307556551464537,0.307556551464537,0.307556551464537,0,0,0,1,1
1,1,1,1,1,1,1,1,1,1
0.000103027990359883,0.000103027990359883,0.000103027990359883,0.000103027990359883,0.000103027990359883,0,0,0,0,0
0.000103027990359883,0.000103027990359883,0.000103027990359883,0.000103027990359883,0.000103027990359883,0,0,0,0,0
0.0177130612999818,0.0177130612999818,0.0177130612999818,0.0177130612999818,0.0177130612999818,0,0,0,0,1
1,1,1,1,1,1,1,1,1,1
1,1,1,1,1,1,1,1,1,1
0.0177130612999818,0.0177130612999818,0.0177130612999818,0.0177130612999818,0.0177130612999818,0,0,0,0,1
0.0177130612999818,0.0177130612999818,0.0177130612999818,0.0177130612999818,0.0177130612999818,0,0,0,0,1
1,1,1,1,1,1,1,1,1,1
1,1,1,1,1,1,1,1,1,1
0.000285148204578145,0.000285148204578145,0.000285148204578145,0.000285148204578145,0.000285148204578145,0,0,0,0,0
1,1,1,1,1,1,1,1,1,1
1,1,1,1,1,1,1,1,1,1
0.0360864844056195,0.0360864844056195,0.0360864844056195,0.0360864844056195,0.0360864844056195,0,0,0,0,1
0.0360864844056195,0.0360864844056195,0.0360864844056195,0.0360864844056195,0.0360864844056195,0,0,0,0,1
1,1,1,1,1,1,1,1,1,1
1,1,1,1,1,1,1,1,1,1
1,1,1,1,1,1,1,1,1,1
1,1,1,1,1,1,1,1,1,1
0.0360864844056195,0.0360864844056195,0.0360864844056195,0.0360864844056195,0.0360864844056195,0,0,0,0,1
1,1,1,1,1,1,1,1,1,1
0.000285148204578145,0.000285148204578145,0.000285148204578145,0.000285148204578145,0.000285148204578145,0,0,0,0,0
1,1,1,1,1,1,1,1,1,1
1,1,1,1,1,1,1,1,1,1
0.307556551464537,0.307556551464537,0.307556551464537,0.307556551464537,0.307556551464537,0,0,0,1,1
1,1,1,1,1,1,1,1,1,1
1,1,1,1,1,1,1,1,1,1
0.424840975627342,0.424840975627342,0.424840975627342,0.424840975627342,0.424840975627342,0,0,0,1,1
1,1,1,1,1,1,1,1,1,1
1,1,1,1,1,1,1,1,1,1
0.0360864844056195,0.0360864844056195,0.0360864844056195,0.0360864844056195,0.0360864844056195,0,0,0,0,1
0.0360864844056195,0.0360864844056195,0.0360864844056195,0.0360864844056195,0.0360864844056195,0,0,0,0,1
0.424840975627342,0.424840975627342,0.424840975627342,0.424840975627342,0.424840975627342,0,0,0,1,1
1,1,1,1,1,1,1,1,1,1
0.424840975627342,0.424840975627342,0.424840975627342,0.424840975627342,0.424840975627342,0,0,0,1,1
0.424840975627342,0.424840975627342,0.424840975627342,0.424840975627342,0.424840975627342,0,0,0,1,1
0.0360864844056195,0.0360864844056195,0.0360864844056195,0.0360864844056195,0.0360864844056195,0,0,0,0,1
0.0360864844056195,0.0360864844056195,0.0360864844056195,0.0360864844056195,0.0360864844056195,0,0,0,0,1
1,1,1,1,1,1,1,1,1,1
0.0360864844056195,0.0360864844056195,0.0360864844056195,0.0360864844056195,0.0360864844056195,0,0,0,0,1
1,1,1,1,1,1,1,1,1,1
0.0360864844056195,0.0360864844056195,0.0360864844056195,0.0360864844056195,0.0360864844056195,0,0,0,0,1
1,1,1,1,1,1,1,1,1,1
1,1,1,1,1,1,1,1,1,1
0.424840975627342,0.424840975627342,0.424840975627342,0.424840975627342,0.424840975627342,0,0,0,1,1
1,1,1,1,1,1,1,1,1,1
1,1,1,1,1,1,1,1,1,1
0.0442391912763039,0.0442391912763039,0.0442391912763039,0.0442391912763039,0.0442391912763039,0,0,0,0,1
1,1,1,1,1,1,1,1,1,1
1,1,1,1,1,1,1,1,1,1
1,1,1,1,1,1,1,1,1,1
1,1,1,1,1,1,1,1,1,1
1,1,1,1,1,1,1,1,1,1
0.424840975627342,0.424840975627342,0.424840975627342,0.424840975627342,0.424840975627342,0,0,0,1,1
0.424840975627342,0.424840975627342,0.424840975627342,0.424840975627342,0.424840975627342,0,0,0,1,1
0.0360864844056195,0.0360864844056195,0.0360864844056195,0.0360864844056195,0.0360864844056195,0,0,0,0,1
1,1,1,1,1,1,1,1,1,1
0.0360864844056195,0.0360864844056195,0.0360864844056195,0.0360864844056195,0.0360864844056195,0,0,0,0,1
1,1,1,1,1,1,1,1,1,1
0.0360864844056195,0.0360864844056195,0.0360864844056195,0.0360864844056195,0.0360864844056195,0,0,0,0,1
1,1,1,1,1,1,1,1,1,1
1,1,1,1,1,1,1,1,1,1
1,1,1,1,1,1,1,1,1,1
1,1,1,1,1,1,1,1,1,1
1,1,1,1,1,1,1,1,1,1
0.0360864844056195,0.0360864844056195,0.0360864844056195,0.0360864844056195,0.0360864844056195,0,0,0,0,1
0.0360864844056195,0.0360864844056195,0.0360864844056195,0.0360864844056195,0.0360864844056195,0,0,0,0,1
0.0360864844056195,0.0360864844056195,0.0360864844056195,0.0360864844056195,0.0360864844056195,0,0,0,0,1
0.0360864844056195,0.0360864844056195,0.0360864844056195,0.0360864844056195,0.0360864844056195,0,0,0,0,1
0.0360864844056195,0.0360864844056195,0.0360864844056195,0.0360864844056195,0.0360864844056195,0,0,0,0,1
1,1,1,1,1,1,1,1,1,1
1,1,1,1,1,1,1,1,1,1
1,1,1,1,1,1,1,1,1,1
0.0360864844056195,0.0360864844056195,0.0360864844056195,0.0360864844056195,0.0360864844056195,0,0,0,0,1
0.0360864844056195,0.0360864844056195,0.0360864844056195,0.0360864844056195,0.0360864844056195,0,0,0,0,1
0.0360864844056195,0.0360864844056195,0.0360864844056195,0.0360864844056195,0.0360864844056195,0,0,0,0,1
0.0360864844056195,0.0360864844056195,0.0360864844056195,0.0360864844056195,0.0360864844056195,0,0,0,0,1
1,1,1,1,1,1,1,1,1,1
1,1,1,1,1,1,1,1,1,1
1,1,1,1,1,1,1,1,1,1
0.0795685785218125,0.0795685785218125,0.0795685785218125,0.0795685785218125,0.0795685785218125,0,0,0,0,1
0.0795685785218125,0.0795685785218125,0.0795685785218125,0.0795685785218125,0.0795685785218125,0,0,0,0,1
0.0795685785218125,0.0795685785218125,0.0795685785218125,0.0795685785218125,0.0795685785218125,0,0,0,0,1
0.0795685785218125,0.0795685785218125,0.0795685785218125,0.0795685785218125,0.0795685785218125,0,0,0,0,1
1,1,1,1,1,1,1,1,1,1
1,1,1,1,1,1,1,1,1,1
0.533080496396682,0.533080496396682,0.533080496396682,0.533080496396682,0.533080496396682,1,0,1,1,1
0.0795685785218125,0.0795685785218125,0.0795685785218125,0.0795685785218125,0.0795685785218125,0,0,0,0,1
0.0795685785218125,0.0795685785218125,0.0795685785218125,0.0795685785218125,0.0795685785218125,0,0,0,0,1
1,1,1,1,1,1,1,1,1,1
0.0795685785218125,0.0795685785218125,0.0795685785218125,0.0795685785218125,0.0795685785218125,0,0,0,0,1
0.0795685785218125,0.0795685785218125,0.0795685785218125,0.0795685785218125,0.0795685785218125,0,0,0,0,1
1,1,1,1,1,1,1,1,1,1
1,1,1,1,1,1,1,1,1,1
1,1,1,1,1,1,1,1,1,1
0.0795685785218125,0.0795685785218125,0.0795685785218125,0.0795685785218125,0.0795685785218125,0,0,0,0,1
1,1,1,1,1,1,1,1,1,1
1,1,1,1,1,1,1,1,1,1
0.0795685785218125,0.0795685785218125,0.0795685785218125,0.0795685785218125,0.0795685785218125,0,0,0,0,1
1,1,1,1,1,1,1,1,1,1
1,1,1,1,1,1,1,1,1,1
1,1,1,1,1,1,1,1,1,1
1,1,1,1,1,1,1,1,1,1
1,1,1,1,1,1,1,1,1,1
0.0795685785218125,0.0795685785218125,0.0795685785218125,0.0795685785218125,0.0795685785218125,0,0,0,0,1
1,1,1,1,1,1,1,1,1,1
1,1,1,1,1,1,1,1,1,1
1,1,1,1,1,1,1,1,1,1
0.00134491205133214,0.00134491205133214,0.00134491205133214,0.00134491205133214,0.00134491205133214,0,0,0,0,1
0.0795685785218125,0.0795685785218125,0.0795685785218125,0.0795685785218125,0.0795685785218125,0,0,0,0,1
1,1,1,1,1,1,1,1,1,1
1,1,1,1,1,1,1,1,1,1
1,1,1,1,1,1,1,1,1,1
1,1,1,1,1,1,1,1,1,1
0.0795685785218125,0.0795685785218125,0.0795685785218125,0.0795685785218125,0.0795685785218125,0,0,0,0,1
0.0795685785218125,0.0795685785218125,0.0795685785218125,0.0795685785218125,0.0795685785218125,0,0,0,0,1
1,1,1,1,1,1,1,1,1,1
0.0795685785218125,0.0795685785218125,0.0795685785218125,0.0795685785218125,0.0795685785218125,0,0,0,0,1
1,1,1,1,1,1,1,1,1,1
1,1,1,1,1,1,1,1,1,1
1,1,1,1,1,1,1,1,1,1
1,1,1,1,1,1,1,1,1,1
0.0795685785218125,0.0795685785218125,0.0795685785218125,0.0795685785218125,0.0795685785218125,0,0,0,0,1
0.0795685785218125,0.0795685785218125,0.0795685785218125,0.0795685785218125,0.0795685785218125,0,0,0,0,1
1,1,1,1,1,1,1,1,1,1
1,1,1,1,1,1,1,1,1,1
1,1,1,1,1,1,1,1,1,1
0.0795685785218125,0.0795685785218125,0.0795685785218125,0.0795685785218125,0.0795685785218125,0,0,0,0,1
0.00361078550507521,0.00361078550507521,0.00361078550507521,0.00361078550507521,0.00361078550507521,0,0,0,0,1
1,1,1,1,1,1,1,1,1,1
0.136460195792455,0.136460195792455,0.136460195792455,0.136460195792455,0.136460195792455,0,0,0,1,1
0.136460195792455,0.136460195792455,0.136460195792455,0.136460195792455,0.136460195792455,0,0,0,1,1
1,1,1,1,1,1,1,1,1,1
1,1,1,1,1,1,1,1,1,1
1,1,1,1,1,1,1,1,1,1
1,1,1,1,1,1,1,1,1,1
0.00361078550507521,0.00361078550507521,0.00361078550507521,0.00361078550507521,0.00361078550507521,0,0,0,0,1
0.118084391300079,0.118084391300079,0.118084391300079,0.118084391300079,0.118084391300079,0,0,0,1,1
1,1,1,1,1,1,1,1,1,1
0.136460195792455,0.136460195792455,0.136460195792455,0.136460195792455,0.136460195792455,0,0,0,1,1
1,1,1,1,1,1,1,1,1,1
0.136460195792455,0.136460195792455,0.136460195792455,0.136460195792455,0.136460195792455,0,0,0,1,1
0.136460195792455,0.136460195792455,0.136460195792455,0.136460195792455,0.136460195792455,0,0,0,1,1
1,1,1,1,1,1,1,1,1,1
0.00361078550507521,0.00361078550507521,0.00361078550507521,0.00361078550507521,0.00361078550507521,0,0,0,0,1
0.136460195792455,0.136460195792455,0.136460195792455,0.136460195792455,0.136460195792455,0,0,0,1,1
0.136460195792455,0.136460195792455,0.136460195792455,0.136460195792455,0.136460195792455,0,0,0,1,1
1,1,1,1,1,1,1,1,1,1
0.136460195792455,0.136460195792455,0.136460195792455,0.136460195792455,0.136460195792455,0,0,0,1,1
1,1,1,1,1,1,1,1,1,1
1,1,1,1,1,1,1,1,1,1
0.630205298380423,0.630205298380423,0.630205298380423,0.630205298380423,0.630205298380423,1,1,1,1,1
1,1,1,1,1,1,1,1,1,1
1,1,1,1,1,1,1,1,1,1
0.136460195792455,0.136460195792455,0.136460195792455,0.136460195792455,0.136460195792455,0,0,0,1,1
0.136460195792455,0.136460195792455,0.136460195792455,0.136460195792455,0.136460195792455,0,0,0,1,1
0.136460195792455,0.136460195792455,0.136460195792455,0.136460195792455,0.136460195792455,0,0,0,1,1
1,1,1,1,1,1,1,1,1,1
1,1,1,1,1,1,1,1,1,1
1,1,1,1,1,1,1,1,1,1
0.630205298380423,0.630205298380423,0.630205298380423,0.630205298380423,0.630205298380423,1,1,1,1,1
1,1,1,1,1,1,1,1,1,1
0.00361078550507521,0.00361078550507521,0.00361078550507521,0.00361078550507521,0.00361078550507521,0,0,0,0,1
0.136460195792455,0.136460195792455,0.136460195792455,0.136460195792455,0.136460195792455,0,0,0,1,1
0.136460195792455,0.136460195792455,0.136460195792455,0.136460195792455,0.136460195792455,0,0,0,1,1
1,1,1,1,1,1,1,1,1,1
1,1,1,1,1,1,1,1,1,1
1,1,1,1,1,1,1,1,1,1
1,1,1,1,1,1,1,1,1,1
0.630205298380423,0.630205298380423,0.630205298380423,0.630205298380423,0.630205298380423,1,1,1,1,1
1,1,1,1,1,1,1,1,1,1
0.00361078550507521,0.00361078550507521,0.00361078550507521,0.00361078550507521,0.00361078550507521,0,0,0,0,1
0.136460195792455,0.136460195792455,0.136460195792455,0.136460195792455,0.136460195792455,0,0,0,1,1
1,1,1,1,1,1,1,1,1,1
1,1,1,1,1,1,1,1,1,1
1,1,1,1,1,1,1,1,1,1
0.136460195792455,0.136460195792455,0.136460195792455,0.136460195792455,0.136460195792455,0,0,0,1,1
0.136460195792455,0.136460195792455,0.136460195792455,0.136460195792455,0.136460195792455,0,0,0,1,1
1,1,1,1,1,1,1,1,1,1
0.136460195792455,0.136460195792455,0.136460195792455,0.136460195792455,0.136460195792455,0,0,0,1,1
1,1,1,1,1,1,1,1,1,1
0.136460195792455,0.136460195792455,0.136460195792455,0.136460195792455,0.136460195792455,0,0,0,1,1
0.136460195792455,0.136460195792455,0.136460195792455,0.136460195792455,0.136460195792455,0,0,0,1,1
1,1,1,1,1,1,1,1,1,1
0.136460195792455,0.136460195792455,0.136460195792455,0.136460195792455,0.136460195792455,0,0,0,1,1
0.00109069474681411,0.00109069474681411,0.00109069474681411,0.00109069474681411,0.00109069474681411,0,0,0,0,1
1,1,1,1,1,1,1,1,1,1
1,1,1,1,1,1,1,1,1,1
1,1,1,1,1,1,1,1,1,1
1,1,1,1,1,1,1,1,1,1
1,1,1,1,1,1,1,1,1,1
1,1,1,1,1,1,1,1,1,1
1,1,1,1,1,1,1,1,1,1
0.0555111506502877,0.0555111506502877,0.0555111506502877,0.0555111506502877,0.0555111506502877,0,0,0,0,1
1,1,1,1,1,1,1,1,1,1
1,1,1,1,1,1,1,1,1,1
0.00109069474681411,0.00109069474681411,0.00109069474681411,0.00109069474681411,0.00109069474681411,0,0,0,0,1
1,1,1,1,1,1,1,1,1,1
1,1,1,1,1,1,1,1,1,1
0.0555111506502877,0.0555111506502877,0.0555111506502877,0.0555111506502877,0.0555111506502877,0,0,0,0,1
0.0555111506502877,0.0555111506502877,0.0555111506502877,0.0555111506502877,0.0555111506502877,0,0,0,0,1
0.00109069474681411,0.00109069474681411,0.00109069474681411,0.00109069474681411,0.00109069474681411,0,0,0,0,1
0.00109069474681411,0.00109069474681411,0.00109069474681411,0.00109069474681411,0.00109069474681411,0,0,0,0,1
0.0555111506502877,0.0555111506502877,0.0555111506502877,0.0555111506502877,0.0555111506502877,0,0,0,0,1
0.0555111506502877,0.0555111506502877,0.0555111506502877,0.0555111506502877,0.0555111506502877,0,0,0,0,1
0.0555111506502877,0.0555111506502877,0.0555111506502877,0.0555111506502877,0.0555111506502877,0,0,0,0,1
1,1,1,1,1,1,1,1,1,1
0.00109069474681411,0.00109069474681411,0.00109069474681411,0.00109069474681411,0.00109069474681411,0,0,0,0,1
0.00109069474681411,0.00109069474681411,0.00109069474681411,0.00109069474681411,0.00109069474681411,0,0,0,0,1
0.00109069474681411,0.00109069474681411,0.00109069474681411,0.00109069474681411,0.00109069474681411,0,0,0,0,1
1,1,1,1,1,1,1,1,1,1
1,1,1,1,1,1,1,1,1,1
0.0555111506502877,0.0555111506502877,0.0555111506502877,0.0555111506502877,0.0555111506502877,0,0,0,0,1
0.00123487751745543,0.00123487751745543,0.00123487751745543,0.00123487751745543,0.00123487751745543,0,0,0,0,1
0.00123487751745543,0.00123487751745543,0.00123487751745543,0.00123487751745543,0.00123487751745543,0,0,0,0,1
0.00123487751745543,0.00123487751745543,0.00123487751745543,0.00123487751745543,0.00123487751745543,0,0,0,0,1
1,1,1,1,1,1,1,1,1,1
0.014716424879922,0.014716424879922,0.014716424879922,0.014716424879922,0.014716424879922,0,0,0,0,1
0.014716424879922,0.014716424879922,0.014716424879922,0.014716424879922,0.014716424879922,0,0,0,0,1
0.014716424879922,0.014716424879922,0.014716424879922,0.014716424879922,0.014716424879922,0,0,0,0,1
1,1,1,1,1,1,1,1,1,1
0.00123487751745543,0.00123487751745543,0.00123487751745543,0.00123487751745543,0.00123487751745543,0,0,0,0,1
0.00123487751745543,0.00123487751745543,0.00123487751745543,0.00123487751745543,0.00123487751745543,0,0,0,0,1
0.00123487751745543,0.00123487751745543,0.00123487751745543,0.00123487751745543,0.00123487751745543,0,0,0,0,1
0.00123487751745543,0.00123487751745543,0.00123487751745543,0.00123487751745543,0.00123487751745543,0,0,0,0,1
0.014716424879922,0.014716424879922,0.014716424879922,0.014716424879922,0.014716424879922,0,0,0,0,1
1,1,1,1,1,1,1,1,1,1
0.014716424879922,0.014716424879922,0.014716424879922,0.014716424879922,0.014716424879922,0,0,0,0,1
0.014716424879922,0.014716424879922,0.014716424879922,0.014716424879922,0.014716424879922,0,0,0,0,1
0.014716424879922,0.014716424879922,0.014716424879922,0.014716424879922,0.014716424879922,0,0,0,0,1
0.00123487751745543,0.00123487751745543,0.00123487751745543,0.00123487751745543,0.00123487751745543,0,0,0,0,1
1,1,1,1,1,1,1,1,1,1
1,1,1,1,1,1,1,1,1,1
1,1,1,1,1,1,1,1,1,1
1,1,1,1,1,1,1,1,1,1
0.014716424879922,0.014716424879922,0.014716424879922,0.014716424879922,0.014716424879922,0,0,0,0,1
0.014716424879922,0.014716424879922,0.014716424879922,0.014716424879922,0.014716424879922,0,0,0,0,1
0.014716424879922,0.014716424879922,0.014716424879922,0.014716424879922,0.014716424879922,0,0,0,0,1
0.014716424879922,0.014716424879922,0.014716424879922,0.014716424879922,0.014716424879922,0,0,0,0,1
0.00123487751745543,0.00123487751745543,0.00123487751745543,0.00123487751745543,0.00123487751745543,0,0,0,0,1
0.00123487751745543,0.00123487751745543,0.00123487751745543,0.00123487751745543,0.00123487751745543,0,0,0,0,1
0.00123487751745543,0.00123487751745543,0.00123487751745543,0.00123487751745543,0.00123487751745543,0,0,0,0,1
0.00123487751745543,0.00123487751745543,0.00123487751745543,0.00123487751745543,0.00123487751745543,0,0,0,0,1
1,1,1,1,1,1,1,1,1,1
1,1,1,1,1,1,1,1,1,1
0.014716424879922,0.014716424879922,0.014716424879922,0.014716424879922,0.014716424879922,0,0,0,0,1
0.014716424879922,0.014716424879922,0.014716424879922,0.014716424879922,0.014716424879922,0,0,0,0,1
1,1,1,1,1,1,1,1,1,1
0.014716424879922,0.014716424879922,0.014716424879922,0.014716424879922,0.014716424879922,0,0,0,0,1
0.00123487751745543,0.00123487751745543,0.00123487751745543,0.00123487751745543,0.00123487751745543,0,0,0,0,1
0.00123487751745543,0.00123487751745543,0.00123487751745543,0.00123487751745543,0.00123487751745543,0,0,0,0,1
0.00123487751745543,0.00123487751745543,0.00123487751745543,0.00123487751745543,0.00123487751745543,0,0,0,0,1
0.00123487751745543,0.00123487751745543,0.00123487751745543,0.00123487751745543,0.00123487751745543,0,0,0,0,1
0.014716424879922,0.014716424879922,0.014716424879922,0.014716424879922,0.014716424879922,0,0,0,0,1
0.014716424879922,0.014716424879922,0.014716424879922,0.014716424879922,0.014716424879922,0,0,0,0,1
0.014716424879922,0.014716424879922,0.014716424879922,0.014716424879922,0.014716424879922,0,0,0,0,1
1,1,1,1,1,1,1,1,1,1
1,1,1,1,1,1,1,1,1,1
1,1,1,1,1,1,1,1,1,1
1,1,1,1,1,1,1,1,1,1
1,1,1,1,1,1,1,1,1,1
0.00185175758549594,0.00185175758549594,0.00185175758549594,0.00185175758549594,0.00185175758549594,0,0,0,0,1
0.00123487751745543,0.00123487751745543,0.00123487751745543,0.00123487751745543,0.00123487751745543,0,0,0,0,1
1,1,1,1,1,1,1,1,1,1
0.00123487751745543,0.00123487751745543,0.00123487751745543,0.00123487751745543,0.00123487751745543,0,0,0,0,1
0.014716424879922,0.014716424879922,0.014716424879922,0.014716424879922,0.014716424879922,0,0,0,0,1
0.014716424879922,0.014716424879922,0.014716424879922,0.014716424879922,0.014716424879922,0,0,0,0,1
0.014716424879922,0.014716424879922,0.014716424879922,0.014716424879922,0.014716424879922,0,0,0,0,1
1,1,1,1,1,1,1,1,1,1
0.014716424879922,0.014716424879922,0.014716424879922,0.014716424879922,0.014716424879922,0,0,0,0,1
1,1,1,1,1,1,1,1,1,1
1,1,1,1,1,1,1,1,1,1
0.00123487751745543,0.00123487751745543,0.00123487751745543,0.00123487751745543,0.00123487751745543,0,0,0,0,1
0.00123487751745543,0.00123487751745543,0.00123487751745543,0.00123487751745543,0.00123487751745543,0,0,0,0,1
1,1,1,1,1,1,1,1,1,1
1,1,1,1,1,1,1,1,1,1
1,1,1,1,1,1,1,1,1,1
0.014716424879922,0.014716424879922,0.014716424879922,0.014716424879922,0.014716424879922,0,0,0,0,1
1,1,1,1,1,1,1,1,1,1
1,1,1,1,1,1,1,1,1,1
0.014716424879922,0.014716424879922,0.014716424879922,0.014716424879922,0.014716424879922,0,0,0,0,1
0.014716424879922,0.014716424879922,0.014716424879922,0.014716424879922,0.014716424879922,0,0,0,0,1
0.181571283418756,0.181571283418756,0.181571283418756,0.181571283418756,0.181571283418756,0,0,0,1,1
1,1,1,1,1,1,1,1,1,1
0.00345124327874957,0.00345124327874957,0.00345124327874957,0.00345124327874957,0.00345124327874957,0,0,0,0,1
0.00345124327874957,0.00345124327874957,0.00345124327874957,0.00345124327874957,0.00345124327874957,0,0,0,0,1
1,1,1,1,1,1,1,1,1,1
1,1,1,1,1,1,1,1,1,1
0.0144426791730977,0.0144426791730977,0.0144426791730977,0.0144426791730977,0.0144426791730977,0,0,0,0,1
1,1,1,1,1,1,1,1,1,1
0.0144426791730977,0.0144426791730977,0.0144426791730977,0.0144426791730977,0.0144426791730977,0,0,0,0,1
1,1,1,1,1,1,1,1,1,1
0.0144426791730977,0.0144426791730977,0.0144426791730977,0.0144426791730977,0.0144426791730977,0,0,0,0,1
1,1,1,1,1,1,1,1,1,1
1,1,1,1,1,1,1,1,1,1
1,1,1,1,1,1,1,1,1,1
0.00345124327874957,0.00345124327874957,0.00345124327874957,0.00345124327874957,0.00345124327874957,0,0,0,0,1
0.00345124327874957,0.00345124327874957,0.00345124327874957,0.00345124327874957,0.00345124327874957,0,0,0,0,1
1,1,1,1,1,1,1,1,1,1
0.00345124327874957,0.00345124327874957,0.00345124327874957,0.00345124327874957,0.00345124327874957,0,0,0,0,1
0.0144426791730977,0.0144426791730977,0.0144426791730977,0.0144426791730977,0.0144426791730977,0,0,0,0,1
0.0144426791730977,0.0144426791730977,0.0144426791730977,0.0144426791730977,0.0144426791730977,0,0,0,0,1
0.0144426791730977,0.0144426791730977,0.0144426791730977,0.0144426791730977,0.0144426791730977,0,0,0,0,1
0.0144426791730977,0.0144426791730977,0.0144426791730977,0.0144426791730977,0.0144426791730977,0,0,0,0,1
0.0144426791730977,0.0144426791730977,0.0144426791730977,0.0144426791730977,0.0144426791730977,0,0,0,0,1
1,1,1,1,1,1,1,1,1,1
1,1,1,1,1,1,1,1,1,1
0.00345124327874957,0.00345124327874957,0.00345124327874957,0.00345124327874957,0.00345124327874957,0,0,0,0,1
0.00345124327874957,0.00345124327874957,0.00345124327874957,0.00345124327874957,0.00345124327874957,0,0,0,0,1
0.00345124327874957,0.00345124327874957,0.00345124327874957,0.00345124327874957,0.00345124327874957,0,0,0,0,1
1,1,1,1,1,1,1,1,1,1
0.0144426791730977,0.0144426791730977,0.0144426791730977,0.0144426791730977,0.0144426791730977,0,0,0,0,1
0.0144426791730977,0.0144426791730977,0.0144426791730977,0.0144426791730977,0.0144426791730977,0,0,0,0,1
0.0144426791730977,0.0144426791730977,0.0144426791730977,0.0144426791730977,0.0144426791730977,0,0,0,0,1
1,1,1,1,1,1,1,1,1,1
1,1,1,1,1,1,1,1,1,1
0.0144426791730977,0.0144426791730977,0.0144426791730977,0.0144426791730977,0.0144426791730977,0,0,0,0,1
1,1,1,1,1,1,1,1,1,1
0.00345124327874957,0.00345124327874957,0.00345124327874957,0.00345124327874957,0.00345124327874957,0,0,0,0,1
1,1,1,1,1,1,1,1,1,1
1,1,1,1,1,1,1,1,1,1
0.00345124327874957,0.00345124327874957,0.00345124327874957,0.00345124327874957,0.00345124327874957,0,0,0,0,1
0.0144426791730977,0.0144426791730977,0.0144426791730977,0.0144426791730977,0.0144426791730977,0,0,0,0,1
0.0144426791730977,0.0144426791730977,0.0144426791730977,0.0144426791730977,0.0144426791730977,0,0,0,0,1
1,1,1,1,1,1,1,1,1,1
0.0144426791730977,0.0144426791730977,0.0144426791730977,0.0144426791730977,0.0144426791730977,0,0,0,0,1
0.0144426791730977,0.0144426791730977,0.0144426791730977,0.0144426791730977,0.0144426791730977,0,0,0,0,1
0.0144426791730977,0.0144426791730977,0.0144426791730977,0.0144426791730977,0.0144426791730977,0,0,0,0,1
1,1,1,1,1,1,1,1,1,1
1,1,1,1,1,1,1,1,1,1
0.00345124327874957,0.00345124327874957,0.00345124327874957,0.00345124327874957,0.00345124327874957,0,0,0,0,1
0.00345124327874957,0.00345124327874957,0.00345124327874957,0.00345124327874957,0.00345124327874957,0,0,0,0,1
1,1,1,1,1,1,1,1,1,1
1,1,1,1,1,1,1,1,1,1
1,1,1,1,1,1,1,1,1,1
1,1,1,1,1,1,1,1,1,1
0.0144426791730977,0.0144426791730977,0.0144426791730977,0.0144426791730977,0.0144426791730977,0,0,0,0,1
0.0144426791730977,0.0144426791730977,0.0144426791730977,0.0144426791730977,0.0144426791730977,0,0,0,0,1
0.0144426791730977,0.0144426791730977,0.0144426791730977,0.0144426791730977,0.0144426791730977,0,0,0,0,1
0.0144426791730977,0.0144426791730977,0.0144426791730977,0.0144426791730977,0.0144426791730977,0,0,0,0,1
1,1,1,1,1,1,1,1,1,1
0.00345124327874957,0.00345124327874957,0.00345124327874957,0.00345124327874957,0.00345124327874957,0,0,0,0,1
0.00345124327874957,0.00345124327874957,0.00345124327874957,0.00345124327874957,0.00345124327874957,0,0,0,0,1
0.00345124327874957,0.00345124327874957,0.00345124327874957,0.00345124327874957,0.00345124327874957,0,0,0,0,1
1,1,1,1,1,1,1,1,1,1
0.0144426791730977,0.0144426791730977,0.0144426791730977,0.0144426791730977,0.0144426791730977,0,0,0,0,1
0.0144426791730977,0.0144426791730977,0.0144426791730977,0.0144426791730977,0.0144426791730977,0,0,0,0,1
0.0144426791730977,0.0144426791730977,0.0144426791730977,0.0144426791730977,0.0144426791730977,0,0,0,0,1
1,1,1,1,1,1,1,1,1,1
1,1,1,1,1,1,1,1,1,1
0.0144426791730977,0.0144426791730977,0.0144426791730977,0.0144426791730977,0.0144426791730977,0,0,0,0,1
1,1,1,1,1,1,1,1,1,1
0.129846288768913,0.129846288768913,0.129846288768913,0.129846288768913,0.129846288768913,0,0,0,1,1
0.00345124327874957,0.00345124327874957,0.00345124327874957,0.00345124327874957,0.00345124327874957,0,0,0,0,1
1,1,1,1,1,1,1,1,1,1
1,1,1,1,1,1,1,1,1,1
0.00345124327874957,0.00345124327874957,0.00345124327874957,0.00345124327874957,0.00345124327874957,0,0,0,0,1
1,1,1,1,1,1,1,1,1,1
1,1,1,1,1,1,1,1,1,1
0.0144426791730977,0.0144426791730977,0.0144426791730977,0.0144426791730977,0.0144426791730977,0,0,0,0,1
1,1,1,1,1,1,1,1,1,1
1,1,1,1,1,1,1,1,1,1
0.0144426791730977,0.0144426791730977,0.0144426791730977,0.0144426791730977,0.0144426791730977,0,0,0,0,1
1,1,1,1,1,1,1,1,1,1
1,1,1,1,1,1,1,1,1,1
1,1,1,1,1,1,1,1,1,1
1,1,1,1,1,1,1,1,1,1
0.0151655910385221,0.0151655910385221,0.0151655910385221,0.0151655910385221,0.0151655910385221,0,0,0,0,1
0.0262241220722796,0.0262241220722796,0.0262241220722796,0.0262241220722796,0.0262241220722796,0,0,0,0,1
0.0262241220722796,0.0262241220722796,0.0262241220722796,0.0262241220722796,0.0262241220722796,0,0,0,0,1
0.0262241220722796,0.0262241220722796,0.0262241220722796,0.0262241220722796,0.0262241220722796,0,0,0,0,1
0.0262241220722796,0.0262241220722796,0.0262241220722796,0.0262241220722796,0.0262241220722796,0,0,0,0,1
0.0262241220722796,0.0262241220722796,0.0262241220722796,0.0262241220722796,0.0262241220722796,0,0,0,0,1
1,1,1,1,1,1,1,1,1,1
1,1,1,1,1,1,1,1,1,1
0.0151655910385221,0.0151655910385221,0.0151655910385221,0.0151655910385221,0.0151655910385221,0,0,0,0,1
1,1,1,1,1,1,1,1,1,1
0.0151655910385221,0.0151655910385221,0.0151655910385221,0.0151655910385221,0.0151655910385221,0,0,0,0,1
0.0262241220722796,0.0262241220722796,0.0262241220722796,0.0262241220722796,0.0262241220722796,0,0,0,0,1
0.0262241220722796,0.0262241220722796,0.0262241220722796,0.0262241220722796,0.0262241220722796,0,0,0,0,1
0.0262241220722796,0.0262241220722796,0.0262241220722796,0.0262241220722796,0.0262241220722796,0,0,0,0,1
0.0262241220722796,0.0262241220722796,0.0262241220722796,0.0262241220722796,0.0262241220722796,0,0,0,0,1
0.0151655910385221,0.0151655910385221,0.0151655910385221,0.0151655910385221,0.0151655910385221,0,0,0,0,1
0.0262241220722796,0.0262241220722796,0.0262241220722796,0.0262241220722796,0.0262241220722796,0,0,0,0,1
1,1,1,1,1,1,1,1,1,1
1,1,1,1,1,1,1,1,1,1
1,1,1,1,1,1,1,1,1,1
1,1,1,1,1,1,1,1,1,1
1,1,1,1,1,1,1,1,1,1
1,1,1,1,1,1,1,1,1,1
0.533080496396682,0.533080496396682,0.533080496396682,0.533080496396682,0.533080496396682,1,0,1,1,1
1,1,1,1,1,1,1,1,1,1
1,1,1,1,1,1,1,1,1,1
1,1,1,1,1,1,1,1,1,1
0.89937898154907,0.89937898154907,0.89937898154907,0.89937898154907,0.89937898154907,1,1,1,1,1
1,1,1,1,1,1,1,1,1,1
1,1,1,1,1,1,1,1,1,1
1,1,1,1,1,1,1,1,1,1
1,1,1,1,1,1,1,1,1,1
1,1,1,1,1,1,1,1,1,1
1,1,1,1,1,1,1,1,1,1
0.533080496396682,0.533080496396682,0.533080496396682,0.533080496396682,0.533080496396682,1,0,1,1,1
1,1,1,1,1,1,1,1,1,1
1,1,1,1,1,1,1,1,1,1
1,1,1,1,1,1,1,1,1,1
1,1,1,1,1,1,1,1,1,1
1,1,1,1,1,1,1,1,1,1
1,1,1,1,1,1,1,1,1,1
1,1,1,1,1,1,1,1,1,1
1,1,1,1,1,1,1,1,1,1
1,1,1,1,1,1,1,1,1,1
0.982611530691517,0.982611530691517,0.982611530691517,0.982611530691517,0.982611530691517,1,1,1,1,1
1,1,1,1,1,1,1,1,1,1
0.533080496396682,0.533080496396682,0.533080496396682,0.533080496396682,0.533080496396682,1,0,1,1,1
1,1,1,1,1,1,1,1,1,1
1,1,1,1,1,1,1,1,1,1
1,1,1,1,1,1,1,1,1,1
1,1,1,1,1,1,1,1,1,1
1,1,1,1,1,1,1,1,1,1
1,1,1,1,1,1,1,1,1,1
1,1,1,1,1,1,1,1,1,1
1,1,1,1,1,1,1,1,1,1
1,1,1,1,1,1,1,1,1,1
1,1,1,1,1,1,1,1,1,1
1,1,1,1,1,1,1,1,1,1
1,1,1,1,1,1,1,1,1,1
1,1,1,1,1,1,1,1,1,1
0.533080496396682,0.533080496396682,0.533080496396682,0.533080496396682,0.533080496396682,1,0,1,1,1
0.533080496396682,0.533080496396682,0.533080496396682,0.533080496396682,0.533080496396682,1,0,1,1,1
1,1,1,1,1,1,1,1,1,1
1,1,1,1,1,1,1,1,1,1
1,1,1,1,1,1,1,1,1,1
1,1,1,1,1,1,1,1,1,1
1,1,1,1,1,1,1,1,1,1
1,1,1,1,1,1,1,1,1,1
1,1,1,1,1,1,1,1,1,1
1,1,1,1,1,1,1,1,1,1
1,1,1,1,1,1,1,1,1,1
1,1,1,1,1,1,1,1,1,1
1,1,1,1,1,1,1,1,1,1
1,1,1,1,1,1,1,1,1,1
1,1,1,1,1,1,1,1,1,1
1,1,1,1,1,1,1,1,1,1
1,1,1,1,1,1,1,1,1,1
1,1,1,1,1,1,1,1,1,1
1,1,1,1,1,1,1,1,1,1
0.89937898154907,0.89937898154907,0.89937898154907,0.89937898154907,0.89937898154907,1,1,1,1,1
1,1,1,1,1,1,1,1,1,1
1,1,1,1,1,1,1,1,1,1
1,1,1,1,1,1,1,1,1,1
1,1,1,1,1,1,1,1,1,1
1,1,1,1,1,1,1,1,1,1
1,1,1,1,1,1,1,1,1,1
1,1,1,1,1,1,1,1,1,1
0.89937898154907,0.89937898154907,0.89937898154907,0.89937898154907,0.89937898154907,1,1,1,1,1
1,1,1,1,1,1,1,1,1,1
1,1,1,1,1,1,1,1,1,1
1,1,1,1,1,1,1,1,1,1
1,1,1,1,1,1,1,1,1,1
1,1,1,1,1,1,1,1,1,1
1,1,1,1,1,1,1,1,1,1
1,1,1,1,1,1,1,1,1,1
1,1,1,1,1,1,1,1,1,1
1,1,1,1,1,1,1,1,1,1
1,1,1,1,1,1,1,1,1,1
1,1,1,1,1,1,1,1,1,1
1,1,1,1,1,1,1,1,1,1
0.933390572127924,0.933390572127924,0.933390572127924,0.933390572127924,0.933390572127924,1,1,1,1,1
1,1,1,1,1,1,1,1,1,1
1,1,1,1,1,1,1,1,1,1
1,1,1,1,1,1,1,1,1,1
1,1,1,1,1,1,1,1,1,1
1,1,1,1,1,1,1,1,1,1
1,1,1,1,1,1,1,1,1,1
1,1,1,1,1,1,1,1,1,1
1,1,1,1,1,1,1,1,1,1
1,1,1,1,1,1,1,1,1,1
1,1,1,1,1,1,1,1,1,1
1,1,1,1,1,1,1,1,1,1
1,1,1,1,1,1,1,1,1,1
1,1,1,1,1,1,1,1,1,1
0.933390572127924,0.933390572127924,0.933390572127924,0.933390572127924,0.933390572127924,1,1,1,1,1
1,1,1,1,1,1,1,1,1,1
1,1,1,1,1,1,1,1,1,1
1,1,1,1,1,1,1,1,1,1
1,1,1,1,1,1,1,1,1,1
1,1,1,1,1,1,1,1,1,1
0.630205298380423,0.630205298380423,0.630205298380423,0.630205298380423,0.630205298380423,1,1,1,1,1
1,1,1,1,1,1,1,1,1,1
1,1,1,1,1,1,1,1,1,1
1,1,1,1,1,1,1,1,1,1
1,1,1,1,1,1,1,1,1,1
0.933390572127924,0.933390572127924,0.933390572127924,0.933390572127924,0.933390572127924,1,1,1,1,1
1,1,1,1,1,1,1,1,1,1
1,1,1,1,1,1,1,1,1,1
1,1,1,1,1,1,1,1,1,1
1,1,1,1,1,1,1,1,1,1
1,1,1,1,1,1,1,1,1,1
1,1,1,1,1,1,1,1,1,1
1,1,1,1,1,1,1,1,1,1
1,1,1,1,1,1,1,1,1,1
0.933390572127924,0.933390572127924,0.933390572127924,0.933390572127924,0.933390572127924,1,1,1,1,1
0.933390572127924,0.933390572127924,0.933390572127924,0.933390572127924,0.933390572127924,1,1,1,1,1
1,1,1,1,1,1,1,1,1,1
1,1,1,1,1,1,1,1,1,1
1,1,1,1,1,1,1,1,1,1
0.933390572127924,0.933390572127924,0.933390572127924,0.933390572127924,0.933390572127924,1,1,1,1,1
1,1,1,1,1,1,1,1,1,1
1,1,1,1,1,1,1,1,1,1
1,1,1,1,1,1,1,1,1,1
0.630205298380423,0.630205298380423,0.630205298380423,0.630205298380423,0.630205298380423,1,1,1,1,1
1,1,1,1,1,1,1,1,1,1
1,1,1,1,1,1,1,1,1,1
0.933390572127924,0.933390572127924,0.933390572127924,0.933390572127924,0.933390572127924,1,1,1,1,1
1,1,1,1,1,1,1,1,1,1
0.933390572127924,0.933390572127924,0.933390572127924,0.933390572127924,0.933390572127924,1,1,1,1,1
1,1,1,1,1,1,1,1,1,1
1,1,1,1,1,1,1,1,1,1
1,1,1,1,1,1,1,1,1,1
1,1,1,1,1,1,1,1,1,1
1,1,1,1,1,1,1,1,1,1
1,1,1,1,1,1,1,1,1,1
0.630205298380423,0.630205298380423,0.630205298380423,0.630205298380423,0.630205298380423,1,1,1,1,1
0.630205298380423,0.630205298380423,0.630205298380423,0.630205298380423,0.630205298380423,1,1,1,1,1
0.630205298380423,0.630205298380423,0.630205298380423,0.630205298380423,0.630205298380423,1,1,1,1,1
1,1,1,1,1,1,1,1,1,1
1,1,1,1,1,1,1,1,1,1
1,1,1,1,1,1,1,1,1,1
1,1,1,1,1,1,1,1,1,1
1,1,1,1,1,1,1,1,1,1
1,1,1,1,1,1,1,1,1,1
1,1,1,1,1,1,1,1,1,1
1,1,1,1,1,1,1,1,1,1
1,1,1,1,1,1,1,1,1,1
1,1,1,1,1,1,1,1,1,1
1,1,1,1,1,1,1,1,1,1
0.136460195792455,0.136460195792455,0.136460195792455,0.136460195792455,0.136460195792455,0,0,0,1,1
1,1,1,1,1,1,1,1,1,1
0.630205298380423,0.630205298380423,0.630205298380423,0.630205298380423,0.630205298380423,1,1,1,1,1
0.630205298380423,0.630205298380423,0.630205298380423,0.630205298380423,0.630205298380423,1,1,1,1,1
1,1,1,1,1,1,1,1,1,1
1,1,1,1,1,1,1,1,1,1
0.630205298380423,0.630205298380423,0.630205298380423,0.630205298380423,0.630205298380423,1,1,1,1,1
0.933390572127924,0.933390572127924,0.933390572127924,0.933390572127924,0.933390572127924,1,1,1,1,1
1,1,1,1,1,1,1,1,1,1
1,1,1,1,1,1,1,1,1,1
1,1,1,1,1,1,1,1,1,1
1,1,1,1,1,1,1,1,1,1
1,1,1,1,1,1,1,1,1,1
1,1,1,1,1,1,1,1,1,1
1,1,1,1,1,1,1,1,1,1
0.136460195792455,0.136460195792455,0.136460195792455,0.136460195792455,0.136460195792455,0,0,0,1,1
0.136460195792455,0.136460195792455,0.136460195792455,0.136460195792455,0.136460195792455,0,0,0,1,1
0.136460195792455,0.136460195792455,0.136460195792455,0.136460195792455,0.136460195792455,0,0,0,1,1
0.136460195792455,0.136460195792455,0.136460195792455,0.136460195792455,0.136460195792455,0,0,0,1,1
0.136460195792455,0.136460195792455,0.136460195792455,0.136460195792455,0.136460195792455,0,0,0,1,1
1,1,1,1,1,1,1,1,1,1
1,1,1,1,1,1,1,1,1,1
0.630205298380423,0.630205298380423,0.630205298380423,0.630205298380423,0.630205298380423,1,1,1,1,1
1,1,1,1,1,1,1,1,1,1
0.630205298380423,0.630205298380423,0.630205298380423,0.630205298380423,0.630205298380423,1,1,1,1,1
0.630205298380423,0.630205298380423,0.630205298380423,0.630205298380423,0.630205298380423,1,1,1,1,1
1,1,1,1,1,1,1,1,1,1
0.933390572127924,0.933390572127924,0.933390572127924,0.933390572127924,0.933390572127924,1,1,1,1,1
1,1,1,1,1,1,1,1,1,1
0.933390572127924,0.933390572127924,0.933390572127924,0.933390572127924,0.933390572127924,1,1,1,1,1
1,1,1,1,1,1,1,1,1,1
1,1,1,1,1,1,1,1,1,1
1,1,1,1,1,1,1,1,1,1
1,1,1,1,1,1,1,1,1,1
1,1,1,1,1,1,1,1,1,1
0.0555111506502877,0.0555111506502877,0.0555111506502877,0.0555111506502877,0.0555111506502877,0,0,0,0,1
0.0555111506502877,0.0555111506502877,0.0555111506502877,0.0555111506502877,0.0555111506502877,0,0,0,0,1
1,1,1,1,1,1,1,1,1,1
1,1,1,1,1,1,1,1,1,1
0.0555111506502877,0.0555111506502877,0.0555111506502877,0.0555111506502877,0.0555111506502877,0,0,0,0,1
1,1,1,1,1,1,1,1,1,1
1,1,1,1,1,1,1,1,1,1
0.403689080886276,0.403689080886276,0.403689080886276,0.403689080886276,0.403689080886276,0,0,1,1,1
1,1,1,1,1,1,1,1,1,1
1,1,1,1,1,1,1,1,1,1
0.403689080886276,0.403689080886276,0.403689080886276,0.403689080886276,0.403689080886276,0,0,1,1,1
1,1,1,1,1,1,1,1,1,1
1,1,1,1,1,1,1,1,1,1
1,1,1,1,1,1,1,1,1,1
1,1,1,1,1,1,1,1,1,1
1,1,1,1,1,1,1,1,1,1
1,1,1,1,1,1,1,1,1,1
1,1,1,1,1,1,1,1,1,1
1,1,1,1,1,1,1,1,1,1
1,1,1,1,1,1,1,1,1,1
0.00109069474681411,0.00109069474681411,0.00109069474681411,0.00109069474681411,0.00109069474681411,0,0,0,0,1
0.0555111506502877,0.0555111506502877,0.0555111506502877,0.0555111506502877,0.0555111506502877,0,0,0,0,1
0.0555111506502877,0.0555111506502877,0.0555111506502877,0.0555111506502877,0.0555111506502877,0,0,0,0,1
0.0555111506502877,0.0555111506502877,0.0555111506502877,0.0555111506502877,0.0555111506502877,0,0,0,0,1
0.0555111506502877,0.0555111506502877,0.0555111506502877,0.0555111506502877,0.0555111506502877,0,0,0,0,1
0.0555111506502877,0.0555111506502877,0.0555111506502877,0.0555111506502877,0.0555111506502877,0,0,0,0,1
0.0555111506502877,0.0555111506502877,0.0555111506502877,0.0555111506502877,0.0555111506502877,0,0,0,0,1
1,1,1,1,1,1,1,1,1,1
0.403689080886276,0.403689080886276,0.403689080886276,0.403689080886276,0.403689080886276,0,0,1,1,1
1,1,1,1,1,1,1,1,1,1
1,1,1,1,1,1,1,1,1,1
0.403689080886276,0.403689080886276,0.403689080886276,0.403689080886276,0.403689080886276,0,0,1,1,1
1,1,1,1,1,1,1,1,1,1
1,1,1,1,1,1,1,1,1,1
1,1,1,1,1,1,1,1,1,1
1,1,1,1,1,1,1,1,1,1
0.858242869034226,0.858242869034226,0.858242869034226,0.858242869034226,0.858242869034226,1,1,1,1,1
0.858242869034226,0.858242869034226,0.858242869034226,0.858242869034226,0.858242869034226,1,1,1,1,1
0.858242869034226,0.858242869034226,0.858242869034226,0.858242869034226,0.858242869034226,1,1,1,1,1
1,1,1,1,1,1,1,1,1,1
1,1,1,1,1,1,1,1,1,1
1,1,1,1,1,1,1,1,1,1
1,1,1,1,1,1,1,1,1,1
0.00109069474681411,0.00109069474681411,0.00109069474681411,0.00109069474681411,0.00109069474681411,0,0,0,0,1
0.0555111506502877,0.0555111506502877,0.0555111506502877,0.0555111506502877,0.0555111506502877,0,0,0,0,1
0.0555111506502877,0.0555111506502877,0.0555111506502877,0.0555111506502877,0.0555111506502877,0,0,0,0,1
0.0555111506502877,0.0555111506502877,0.0555111506502877,0.0555111506502877,0.0555111506502877,0,0,0,0,1
0.0555111506502877,0.0555111506502877,0.0555111506502877,0.0555111506502877,0.0555111506502877,0,0,0,0,1
0.0555111506502877,0.0555111506502877,0.0555111506502877,0.0555111506502877,0.0555111506502877,0,0,0,0,1
0.403689080886276,0.403689080886276,0.403689080886276,0.403689080886276,0.403689080886276,0,0,1,1,1
1,1,1,1,1,1,1,1,1,1
0.403689080886276,0.403689080886276,0.403689080886276,0.403689080886276,0.403689080886276,0,0,1,1,1
0.403689080886276,0.403689080886276,0.403689080886276,0.403689080886276,0.403689080886276,0,0,1,1,1
1,1,1,1,1,1,1,1,1,1
0.403689080886276,0.403689080886276,0.403689080886276,0.403689080886276,0.403689080886276,0,0,1,1,1
1,1,1,1,1,1,1,1,1,1
1,1,1,1,1,1,1,1,1,1
1,1,1,1,1,1,1,1,1,1
0.858242869034226,0.858242869034226,0.858242869034226,0.858242869034226,0.858242869034226,1,1,1,1,1
0.858242869034226,0.858242869034226,0.858242869034226,0.858242869034226,0.858242869034226,1,1,1,1,1
0.858242869034226,0.858242869034226,0.858242869034226,0.858242869034226,0.858242869034226,1,1,1,1,1
1,1,1,1,1,1,1,1,1,1
1,1,1,1,1,1,1,1,1,1
1,1,1,1,1,1,1,1,1,1
1,1,1,1,1,1,1,1,1,1
1,1,1,1,1,1,1,1,1,1
0.0555111506502877,0.0555111506502877,0.0555111506502877,0.0555111506502877,0.0555111506502877,0,0,0,0,1
0.0555111506502877,0.0555111506502877,0.0555111506502877,0.0555111506502877,0.0555111506502877,0,0,0,0,1
1,1,1,1,1,1,1,1,1,1
1,1,1,1,1,1,1,1,1,1
1,1,1,1,1,1,1,1,1,1
0.403689080886276,0.403689080886276,0.403689080886276,0.403689080886276,0.403689080886276,0,0,1,1,1
0.403689080886276,0.403689080886276,0.403689080886276,0.403689080886276,0.403689080886276,0,0,1,1,1
1,1,1,1,1,1,1,1,1,1
0.858242869034226,0.858242869034226,0.858242869034226,0.858242869034226,0.858242869034226,1,1,1,1,1
0.858242869034226,0.858242869034226,0.858242869034226,0.858242869034226,0.858242869034226,1,1,1,1,1
0.858242869034226,0.858242869034226,0.858242869034226,0.858242869034226,0.858242869034226,1,1,1,1,1
1,1,1,1,1,1,1,1,1,1
1,1,1,1,1,1,1,1,1,1
0.858242869034226,0.858242869034226,0.858242869034226,0.858242869034226,0.858242869034226,1,1,1,1,1
1,1,1,1,1,1,1,1,1,1
1,1,1,1,1,1,1,1,1,1
1,1,1,1,1,1,1,1,1,1
1,1,1,1,1,1,1,1,1,1
1,1,1,1,1,1,1,1,1,1
0.0555111506502877,0.0555111506502877,0.0555111506502877,0.0555111506502877,0.0555111506502877,0,0,0,0,1
0.403689080886276,0.403689080886276,0.403689080886276,0.403689080886276,0.403689080886276,0,0,1,1,1
1,1,1,1,1,1,1,1,1,1
1,1,1,1,1,1,1,1,1,1
0.403689080886276,0.403689080886276,0.403689080886276,0.403689080886276,0.403689080886276,0,0,1,1,1
1,1,1,1,1,1,1,1,1,1
1,1,1,1,1,1,1,1,1,1
0.858242869034226,0.858242869034226,0.858242869034226,0.858242869034226,0.858242869034226,1,1,1,1,1
1,1,1,1,1,1,1,1,1,1
1,1,1,1,1,1,1,1,1,1
1,1,1,1,1,1,1,1,1,1
1,1,1,1,1,1,1,1,1,1
1,1,1,1,1,1,1,1,1,1
0.986622278778051,0.986622278778051,0.986622278778051,0.986622278778051,0.986622278778051,1,1,1,1,1
0.986622278778051,0.986622278778051,0.986622278778051,0.986622278778051,0.986622278778051,1,1,1,1,1
0.986622278778051,0.986622278778051,0.986622278778051,0.986622278778051,0.986622278778051,1,1,1,1,1
1,1,1,1,1,1,1,1,1,1
0.0555111506502877,0.0555111506502877,0.0555111506502877,0.0555111506502877,0.0555111506502877,0,0,0,0,1
0.0555111506502877,0.0555111506502877,0.0555111506502877,0.0555111506502877,0.0555111506502877,0,0,0,0,1
0.403689080886276,0.403689080886276,0.403689080886276,0.403689080886276,0.403689080886276,0,0,1,1,1
0.403689080886276,0.403689080886276,0.403689080886276,0.403689080886276,0.403689080886276,0,0,1,1,1
1,1,1,1,1,1,1,1,1,1
1,1,1,1,1,1,1,1,1,1
1,1,1,1,1,1,1,1,1,1
1,1,1,1,1,1,1,1,1,1
0.858242869034226,0.858242869034226,0.858242869034226,0.858242869034226,0.858242869034226,1,1,1,1,1
1,1,1,1,1,1,1,1,1,1
1,1,1,1,1,1,1,1,1,1
0.858242869034226,0.858242869034226,0.858242869034226,0.858242869034226,0.858242869034226,1,1,1,1,1
1,1,1,1,1,1,1,1,1,1
1,1,1,1,1,1,1,1,1,1
1,1,1,1,1,1,1,1,1,1
1,1,1,1,1,1,1,1,1,1
1,1,1,1,1,1,1,1,1,1
1,1,1,1,1,1,1,1,1,1
0.0555111506502877,0.0555111506502877,0.0555111506502877,0.0555111506502877,0.0555111506502877,0,0,0,0,1
0.0555111506502877,0.0555111506502877,0.0555111506502877,0.0555111506502877,0.0555111506502877,0,0,0,0,1
1,1,1,1,1,1,1,1,1,1
1,1,1,1,1,1,1,1,1,1
0.403689080886276,0.403689080886276,0.403689080886276,0.403689080886276,0.403689080886276,0,0,1,1,1
0.403689080886276,0.403689080886276,0.403689080886276,0.403689080886276,0.403689080886276,0,0,1,1,1
1,1,1,1,1,1,1,1,1,1
0.403689080886276,0.403689080886276,0.403689080886276,0.403689080886276,0.403689080886276,0,0,1,1,1
1,1,1,1,1,1,1,1,1,1
0.858242869034226,0.858242869034226,0.858242869034226,0.858242869034226,0.858242869034226,1,1,1,1,1
0.858242869034226,0.858242869034226,0.858242869034226,0.858242869034226,0.858242869034226,1,1,1,1,1
0.858242869034226,0.858242869034226,0.858242869034226,0.858242869034226,0.858242869034226,1,1,1,1,1
1,1,1,1,1,1,1,1,1,1
1,1,1,1,1,1,1,1,1,1
1,1,1,1,1,1,1,1,1,1
1,1,1,1,1,1,1,1,1,1
1,1,1,1,1,1,1,1,1,1
1,1,1,1,1,1,1,1,1,1
0.014716424879922,0.014716424879922,0.014716424879922,0.014716424879922,0.014716424879922,0,0,0,0,1
0.014716424879922,0.014716424879922,0.014716424879922,0.014716424879922,0.014716424879922,0,0,0,0,1
1,1,1,1,1,1,1,1,1,1
0.181571283418756,0.181571283418756,0.181571283418756,0.181571283418756,0.181571283418756,0,0,0,1,1
1,1,1,1,1,1,1,1,1,1
0.181571283418756,0.181571283418756,0.181571283418756,0.181571283418756,0.181571283418756,0,0,0,1,1
0.181571283418756,0.181571283418756,0.181571283418756,0.181571283418756,0.181571283418756,0,0,0,1,1
1,1,1,1,1,1,1,1,1,1
1,1,1,1,1,1,1,1,1,1
0.566150862219878,0.566150862219878,0.566150862219878,0.566150862219878,0.566150862219878,1,1,1,1,1
1,1,1,1,1,1,1,1,1,1
1,1,1,1,1,1,1,1,1,1
1,1,1,1,1,1,1,1,1,1
0.566150862219878,0.566150862219878,0.566150862219878,0.566150862219878,0.566150862219878,1,1,1,1,1
1,1,1,1,1,1,1,1,1,1
1,1,1,1,1,1,1,1,1,1
0.951869756575946,0.951869756575946,0.951869756575946,0.951869756575946,0.951869756575946,1,1,1,1,1
1,1,1,1,1,1,1,1,1,1
0.014716424879922,0.014716424879922,0.014716424879922,0.014716424879922,0.014716424879922,0,0,0,0,1
0.181571283418756,0.181571283418756,0.181571283418756,0.181571283418756,0.181571283418756,0,0,0,1,1
0.181571283418756,0.181571283418756,0.181571283418756,0.181571283418756,0.181571283418756,0,0,0,1,1
0.181571283418756,0.181571283418756,0.181571283418756,0.181571283418756,0.181571283418756,0,0,0,1,1
0.181571283418756,0.181571283418756,0.181571283418756,0.181571283418756,0.181571283418756,0,0,0,1,1
1,1,1,1,1,1,1,1,1,1
1,1,1,1,1,1,1,1,1,1
0.566150862219878,0.566150862219878,0.566150862219878,0.566150862219878,0.566150862219878,1,1,1,1,1
1,1,1,1,1,1,1,1,1,1
1,1,1,1,1,1,1,1,1,1
1,1,1,1,1,1,1,1,1,1
1,1,1,1,1,1,1,1,1,1
1,1,1,1,1,1,1,1,1,1
0.951869756575946,0.951869756575946,0.951869756575946,0.951869756575946,0.951869756575946,1,1,1,1,1
0.951869756575946,0.951869756575946,0.951869756575946,0.951869756575946,0.951869756575946,1,1,1,1,1
1,1,1,1,1,1,1,1,1,1
1,1,1,1,1,1,1,1,1,1
0.951869756575946,0.951869756575946,0.951869756575946,0.951869756575946,0.951869756575946,1,1,1,1,1
0.181571283418756,0.181571283418756,0.181571283418756,0.181571283418756,0.181571283418756,0,0,0,1,1
0.181571283418756,0.181571283418756,0.181571283418756,0.181571283418756,0.181571283418756,0,0,0,1,1
0.181571283418756,0.181571283418756,0.181571283418756,0.181571283418756,0.181571283418756,0,0,0,1,1
1,1,1,1,1,1,1,1,1,1
1,1,1,1,1,1,1,1,1,1
1,1,1,1,1,1,1,1,1,1
0.566150862219878,0.566150862219878,0.566150862219878,0.566150862219878,0.566150862219878,1,1,1,1,1
0.566150862219878,0.566150862219878,0.566150862219878,0.566150862219878,0.566150862219878,1,1,1,1,1
1,1,1,1,1,1,1,1,1,1
0.566150862219878,0.566150862219878,0.566150862219878,0.566150862219878,0.566150862219878,1,1,1,1,1
0.566150862219878,0.566150862219878,0.566150862219878,0.566150862219878,0.566150862219878,1,1,1,1,1
1,1,1,1,1,1,1,1,1,1
1,1,1,1,1,1,1,1,1,1
1,1,1,1,1,1,1,1,1,1
1,1,1,1,1,1,1,1,1,1
1,1,1,1,1,1,1,1,1,1
1,1,1,1,1,1,1,1,1,1
1,1,1,1,1,1,1,1,1,1
1,1,1,1,1,1,1,1,1,1
1,1,1,1,1,1,1,1,1,1
1,1,1,1,1,1,1,1,1,1
0.181571283418756,0.181571283418756,0.181571283418756,0.181571283418756,0.181571283418756,0,0,0,1,1
0.181571283418756,0.181571283418756,0.181571283418756,0.181571283418756,0.181571283418756,0,0,0,1,1
1,1,1,1,1,1,1,1,1,1
1,1,1,1,1,1,1,1,1,1
0.181571283418756,0.181571283418756,0.181571283418756,0.181571283418756,0.181571283418756,0,0,0,1,1
0.181571283418756,0.181571283418756,0.181571283418756,0.181571283418756,0.181571283418756,0,0,0,1,1
0.566150862219878,0.566150862219878,0.566150862219878,0.566150862219878,0.566150862219878,1,1,1,1,1
0.566150862219878,0.566150862219878,0.566150862219878,0.566150862219878,0.566150862219878,1,1,1,1,1
1,1,1,1,1,1,1,1,1,1
0.566150862219878,0.566150862219878,0.566150862219878,0.566150862219878,0.566150862219878,1,1,1,1,1
1,1,1,1,1,1,1,1,1,1
1,1,1,1,1,1,1,1,1,1
1,1,1,1,1,1,1,1,1,1
1,1,1,1,1,1,1,1,1,1
1,1,1,1,1,1,1,1,1,1
1,1,1,1,1,1,1,1,1,1
1,1,1,1,1,1,1,1,1,1
0.951869756575946,0.951869756575946,0.951869756575946,0.951869756575946,0.951869756575946,1,1,1,1,1
0.914320150035653,0.914320150035653,0.914320150035653,0.914320150035653,0.914320150035653,1,1,1,1,1
0.914320150035653,0.914320150035653,0.914320150035653,0.914320150035653,0.914320150035653,1,1,1,1,1
0.914320150035653,0.914320150035653,0.914320150035653,0.914320150035653,0.914320150035653,1,1,1,1,1
0.181571283418756,0.181571283418756,0.181571283418756,0.181571283418756,0.181571283418756,0,0,0,1,1
1,1,1,1,1,1,1,1,1,1
0.181571283418756,0.181571283418756,0.181571283418756,0.181571283418756,0.181571283418756,0,0,0,1,1
0.181571283418756,0.181571283418756,0.181571283418756,0.181571283418756,0.181571283418756,0,0,0,1,1
0.181571283418756,0.181571283418756,0.181571283418756,0.181571283418756,0.181571283418756,0,0,0,1,1
0.181571283418756,0.181571283418756,0.181571283418756,0.181571283418756,0.181571283418756,0,0,0,1,1
0.566150862219878,0.566150862219878,0.566150862219878,0.566150862219878,0.566150862219878,1,1,1,1,1
1,1,1,1,1,1,1,1,1,1
1,1,1,1,1,1,1,1,1,1
0.566150862219878,0.566150862219878,0.566150862219878,0.566150862219878,0.566150862219878,1,1,1,1,1
1,1,1,1,1,1,1,1,1,1
0.566150862219878,0.566150862219878,0.566150862219878,0.566150862219878,0.566150862219878,1,1,1,1,1
1,1,1,1,1,1,1,1,1,1
1,1,1,1,1,1,1,1,1,1
1,1,1,1,1,1,1,1,1,1
0.951869756575946,0.951869756575946,0.951869756575946,0.951869756575946,0.951869756575946,1,1,1,1,1
0.951869756575946,0.951869756575946,0.951869756575946,0.951869756575946,0.951869756575946,1,1,1,1,1
0.951869756575946,0.951869756575946,0.951869756575946,0.951869756575946,0.951869756575946,1,1,1,1,1
1,1,1,1,1,1,1,1,1,1
1,1,1,1,1,1,1,1,1,1
0.181571283418756,0.181571283418756,0.181571283418756,0.181571283418756,0.181571283418756,0,0,0,1,1
0.181571283418756,0.181571283418756,0.181571283418756,0.181571283418756,0.181571283418756,0,0,0,1,1
1,1,1,1,1,1,1,1,1,1
0.181571283418756,0.181571283418756,0.181571283418756,0.181571283418756,0.181571283418756,0,0,0,1,1
1,1,1,1,1,1,1,1,1,1
1,1,1,1,1,1,1,1,1,1
1,1,1,1,1,1,1,1,1,1
0.566150862219878,0.566150862219878,0.566150862219878,0.566150862219878,0.566150862219878,1,1,1,1,1
1,1,1,1,1,1,1,1,1,1
1,1,1,1,1,1,1,1,1,1
0.566150862219878,0.566150862219878,0.566150862219878,0.566150862219878,0.566150862219878,1,1,1,1,1
1,1,1,1,1,1,1,1,1,1
0.951869756575946,0.951869756575946,0.951869756575946,0.951869756575946,0.951869756575946,1,1,1,1,1
0.951869756575946,0.951869756575946,0.951869756575946,0.951869756575946,0.951869756575946,1,1,1,1,1
0.951869756575946,0.951869756575946,0.951869756575946,0.951869756575946,0.951869756575946,1,1,1,1,1
0.951869756575946,0.951869756575946,0.951869756575946,0.951869756575946,0.951869756575946,1,1,1,1,1
1,1,1,1,1,1,1,1,1,1
1,1,1,1,1,1,1,1,1,1
1,1,1,1,1,1,1,1,1,1
1,1,1,1,1,1,1,1,1,1
0.181571283418756,0.181571283418756,0.181571283418756,0.181571283418756,0.181571283418756,0,0,0,1,1
0.181571283418756,0.181571283418756,0.181571283418756,0.181571283418756,0.181571283418756,0,0,0,1,1
1,1,1,1,1,1,1,1,1,1
1,1,1,1,1,1,1,1,1,1
1,1,1,1,1,1,1,1,1,1
0.566150862219878,0.566150862219878,0.566150862219878,0.566150862219878,0.566150862219878,1,1,1,1,1
0.566150862219878,0.566150862219878,0.566150862219878,0.566150862219878,0.566150862219878,1,1,1,1,1
1,1,1,1,1,1,1,1,1,1
1,1,1,1,1,1,1,1,1,1
1,1,1,1,1,1,1,1,1,1
0.951869756575946,0.951869756575946,0.951869756575946,0.951869756575946,0.951869756575946,1,1,1,1,1
1,1,1,1,1,1,1,1,1,1
0.951869756575946,0.951869756575946,0.951869756575946,0.951869756575946,0.951869756575946,1,1,1,1,1
0.951869756575946,0.951869756575946,0.951869756575946,0.951869756575946,0.951869756575946,1,1,1,1,1
0.951869756575946,0.951869756575946,0.951869756575946,0.951869756575946,0.951869756575946,1,1,1,1,1
0.181571283418756,0.181571283418756,0.181571283418756,0.181571283418756,0.181571283418756,0,0,0,1,1
0.181571283418756,0.181571283418756,0.181571283418756,0.181571283418756,0.181571283418756,0,0,0,1,1
1,1,1,1,1,1,1,1,1,1
1,1,1,1,1,1,1,1,1,1
1,1,1,1,1,1,1,1,1,1
1,1,1,1,1,1,1,1,1,1
1,1,1,1,1,1,1,1,1,1
0.566150862219878,0.566150862219878,0.566150862219878,0.566150862219878,0.566150862219878,1,1,1,1,1
0.566150862219878,0.566150862219878,0.566150862219878,0.566150862219878,0.566150862219878,1,1,1,1,1
1,1,1,1,1,1,1,1,1,1
1,1,1,1,1,1,1,1,1,1
1,1,1,1,1,1,1,1,1,1
0.951869756575946,0.951869756575946,0.951869756575946,0.951869756575946,0.951869756575946,1,1,1,1,1
0.129846288768913,0.129846288768913,0.129846288768913,0.129846288768913,0.129846288768913,0,0,0,1,1
0.129846288768913,0.129846288768913,0.129846288768913,0.129846288768913,0.129846288768913,0,0,0,1,1
0.129846288768913,0.129846288768913,0.129846288768913,0.129846288768913,0.129846288768913,0,0,0,1,1
0.129846288768913,0.129846288768913,0.129846288768913,0.129846288768913,0.129846288768913,0,0,0,1,1
1,1,1,1,1,1,1,1,1,1
1,1,1,1,1,1,1,1,1,1
0.575097120837912,0.575097120837912,0.575097120837912,0.575097120837912,0.575097120837912,1,1,1,1,1
1,1,1,1,1,1,1,1,1,1
0.575097120837912,0.575097120837912,0.575097120837912,0.575097120837912,0.575097120837912,1,1,1,1,1
1,1,1,1,1,1,1,1,1,1
1,1,1,1,1,1,1,1,1,1
1,1,1,1,1,1,1,1,1,1
0.129846288768913,0.129846288768913,0.129846288768913,0.129846288768913,0.129846288768913,0,0,0,1,1
0.129846288768913,0.129846288768913,0.129846288768913,0.129846288768913,0.129846288768913,0,0,0,1,1
0.129846288768913,0.129846288768913,0.129846288768913,0.129846288768913,0.129846288768913,0,0,0,1,1
1,1,1,1,1,1,1,1,1,1
0.575097120837912,0.575097120837912,0.575097120837912,0.575097120837912,0.575097120837912,1,1,1,1,1
0.575097120837912,0.575097120837912,0.575097120837912,0.575097120837912,0.575097120837912,1,1,1,1,1
0.575097120837912,0.575097120837912,0.575097120837912,0.575097120837912,0.575097120837912,1,1,1,1,1
1,1,1,1,1,1,1,1,1,1
1,1,1,1,1,1,1,1,1,1
0.129846288768913,0.129846288768913,0.129846288768913,0.129846288768913,0.129846288768913,0,0,0,1,1
1,1,1,1,1,1,1,1,1,1
