,EXPERIMENT,MODEL,RUN,TRNO,DATE,DAS,SRAA,TMAXA,TMINA,REFA,EOAA,EOPA,EOSA,ETAA,EPAA,ESAA,EFAA,EMAA,EOAC,ETAC,EPAC,ESAC,EFAC,EMAC,KCAA,KBSA,KEAA,ES1D,ES2D,ES3D,ES4D,ES5D,ES6D,ES7D,TRWUD,TWUPD
1,CRDA1201,RICER048,1,1,2012-06-01,1,24.6,42.7,25.8,NA,10.835,0,10.835,6.36,0,6.36,0,0,10.84,6.36,0,6.36,0,0,NA,NA,NA,1.687,1.176,1.067,0.739,0.58,0.603,0.507,0,0
2,CRDA1201,RICER048,1,1,2012-06-02,2,24,43.5,26.6,NA,11.084,0,11.084,6.148,0,6.148,0,0,21.92,12.51,0,12.51,0,0,NA,NA,NA,1.548,1.136,1.049,0.735,0.576,0.599,0.504,0,0
3,CRDA1201,RICER048,1,1,2012-06-03,3,20.8,43.7,27.7,NA,9.628,0,9.628,1.081,0,1.081,0,0,31.55,13.59,0,13.59,0,0,NA,NA,NA,0.888,0.12,0.041,0.015,0.008,0.006,0.003,0,0
4,CRDA1201,RICER048,1,1,2012-06-04,4,16.8,43.3,28.4,NA,7.647,0,7.647,1.036,0,1.036,0,0,39.19,14.62,0,14.62,0,0,NA,NA,NA,0.843,0.119,0.041,0.015,0.008,0.006,0.003,0,0
5,CRDA1201,RICER048,1,1,2012-06-05,5,18.6,42.2,27.6,NA,8.036,0,8.036,6.103,0,6.103,0,0,47.23,20.73,0,20.73,0,0,NA,NA,NA,1.566,1.118,1.035,0.726,0.567,0.592,0.499,0,0
6,CRDA1201,RICER048,1,1,2012-06-06,6,21.6,41.9,27.6,NA,9.377,0,9.377,6.059,0,6.059,0,0,56.61,26.79,0,26.79,0,0,NA,NA,NA,1.554,1.112,1.033,0.723,0.558,0.585,0.493,0,0
7,CRDA1201,RICER048,1,1,2012-06-07,7,24.7,39.7,28.8,NA,9.652,0,9.652,1.081,0,1.081,0,0,66.26,27.87,0,27.87,0,0,NA,NA,NA,0.892,0.118,0.041,0.015,0.008,0.005,0.003,0,0
8,CRDA1201,RICER048,1,1,2012-06-08,8,16.2,38.3,28.3,NA,5.876,0,5.876,0.999,0,0.999,0,0,72.14,28.87,0,28.87,0,0,NA,NA,NA,0.81,0.117,0.041,0.015,0.008,0.005,0.003,0,0
9,CRDA1201,RICER048,1,1,2012-06-09,9,23.6,38.8,28.4,NA,8.741,0,8.741,0.925,0,0.925,0,0,80.88,29.79,0,29.79,0,0,NA,NA,NA,0.737,0.116,0.041,0.015,0.008,0.005,0.003,0,0
10,CRDA1201,RICER048,1,1,2012-06-10,10,10.6,34.4,28.4,NA,3.197,0,3.197,1.031,0,1.031,0,0,84.07,30.82,0,30.82,0,0,NA,NA,NA,0.841,0.117,0.041,0.015,0.008,0.005,0.003,0,0
11,CRDA1201,RICER048,1,1,2012-06-11,11,25.1,34.1,27.3,NA,7.603,0,7.603,1.127,0,1.127,0,0,91.68,31.95,0,31.95,0,0,NA,NA,NA,0.936,0.118,0.041,0.015,0.008,0.005,0.003,0,0
12,CRDA1201,RICER048,1,1,2012-06-12,12,15.9,39.9,27.1,NA,6.192,0,6.192,1.041,0,1.041,0,0,97.87,32.99,0,32.99,0,0,NA,NA,NA,0.851,0.118,0.041,0.015,0.008,0.005,0.003,0,0
13,CRDA1201,RICER048,1,1,2012-06-13,13,19.8,40.2,26.4,NA,7.752,0,7.752,0.963,0,0.963,0,0,105.62,33.95,0,33.95,0,0,NA,NA,NA,0.774,0.117,0.041,0.015,0.008,0.005,0.003,0,0
14,CRDA1201,RICER048,1,1,2012-06-14,14,12.8,36.8,27.3,NA,4.253,0,4.253,0.891,0,0.891,0,0,109.87,34.84,0,34.84,0,0,NA,NA,NA,0.703,0.116,0.041,0.015,0.008,0.005,0.003,0,0
15,CRDA1201,RICER048,1,1,2012-06-15,15,23.5,36.2,27.7,NA,7.56,0,7.56,0.827,0,0.827,0,0,117.43,35.67,0,35.67,0,0,NA,NA,NA,0.639,0.116,0.041,0.015,0.007,0.005,0.003,0,0
16,CRDA1201,RICER048,1,1,2012-06-16,16,25.4,39.5,26.1,NA,9.506,0,9.506,0.768,0,0.768,0,0,126.94,36.44,0,36.44,0,0,NA,NA,NA,0.581,0.115,0.04,0.015,0.007,0.005,0.003,0,0
17,CRDA1201,RICER048,1,1,2012-06-17,17,24.6,41.3,26.4,NA,9.99,0,9.99,1.017,0,1.017,0,0,136.93,37.45,0,37.45,0,0,NA,NA,NA,0.826,0.119,0.041,0.015,0.007,0.005,0.003,0,0
18,CRDA1201,RICER048,1,1,2012-06-18,18,25,42.4,25.5,NA,10.899,0,10.899,6.124,0,6.124,0,0,147.83,43.58,0,43.58,0,0,NA,NA,NA,1.644,1.128,1.03,0.71,0.549,0.576,0.487,0,0
19,CRDA1201,RICER048,1,1,2012-06-19,19,19.1,38.9,24.7,NA,7.038,0,7.038,5.865,0,5.865,0,0,154.86,49.44,0,49.44,0,0,NA,NA,NA,1.465,1.094,1.02,0.695,0.54,0.568,0.482,0,0
20,CRDA1201,RICER048,1,1,2012-06-20,20,17.4,39.1,26.1,NA,6.48,0,6.48,1.026,0,1.026,0,0,161.34,50.47,0,50.47,0,0,NA,NA,NA,0.84,0.116,0.04,0.014,0.007,0.005,0.003,0,0
21,CRDA1201,RICER048,1,1,2012-06-21,21,24.2,35.6,25.6,NA,7.487,0,7.487,5.902,0,5.902,0,0,168.83,56.37,0,56.37,0,0,NA,NA,NA,1.536,1.1,1.017,0.681,0.531,0.561,0.476,0,0
22,CRDA1201,RICER048,1,1,2012-06-22,22,24.8,39.4,25.1,NA,9.459,0,9.459,5.906,0,5.906,0,0,178.29,62.28,0,62.28,0,0,NA,NA,NA,1.556,1.107,1.028,0.669,0.522,0.553,0.471,0,0
23,CRDA1201,RICER048,1,1,2012-06-23,23,19,39.6,24.3,NA,7.183,0,7.183,1.079,0,1.079,0,0,185.47,63.36,0,63.36,0,0,NA,NA,NA,0.892,0.117,0.041,0.014,0.007,0.005,0.003,0,0
24,CRDA1201,RICER048,1,1,2012-06-24,24,24.1,37.5,27.1,NA,8.337,0,8.337,0.997,0,0.997,0,0,193.81,64.35,0,64.35,0,0,NA,NA,NA,0.811,0.116,0.041,0.014,0.007,0.005,0.003,0,0
25,CRDA1201,RICER048,1,1,2012-06-25,25,14.4,29.3,25.7,NA,4.064,0,4.064,0.923,0,0.923,0,0,197.87,65.28,0,65.28,0,0,NA,NA,NA,0.737,0.116,0.041,0.014,0.007,0.005,0.003,0,0
26,CRDA1201,RICER048,1,1,2012-06-26,26,21.9,35.4,24.9,NA,6.638,0,6.638,0.855,0,0.855,0,0,204.51,66.13,0,66.13,0,0,NA,NA,NA,0.67,0.115,0.041,0.014,0.007,0.005,0.003,0,0
27,CRDA1201,RICER048,1,1,2012-06-27,27,25.6,32,25.6,NA,7.373,0,7.373,0.793,0,0.793,0,0,211.89,66.93,0,66.93,0,0,NA,NA,NA,0.609,0.114,0.041,0.014,0.007,0.005,0.003,0,0
28,CRDA1201,RICER048,1,1,2012-06-28,28,23.2,35.4,24.1,NA,6.95,0,6.95,1.007,0,1.007,0,0,218.84,67.93,0,67.93,0,0,NA,NA,NA,0.82,0.118,0.041,0.014,0.007,0.005,0.003,0,0
29,CRDA1201,RICER048,1,1,2012-06-29,29,22,34.8,24.6,NA,6.617,0,6.617,6.076,0,6.076,0,0,225.45,74.01,0,74.01,0,0,NA,NA,NA,1.722,1.138,1.029,0.663,0.513,0.546,0.466,0,0
30,CRDA1201,RICER048,1,1,2012-06-30,30,11.7,32.6,24.4,NA,3.457,0,3.457,3.457,0,3.457,0,0,228.91,77.47,0,77.47,0,0,NA,NA,NA,0.999,0.663,0.586,0.378,0.279,0.298,0.255,0,0
31,CRDA1201,RICER048,1,1,2012-07-01,31,22.7,33.4,25.2,NA,6.823,0,6.823,6.471,0,6.471,0,0,235.73,83.94,0,83.94,0,0,NA,NA,NA,1.855,1.278,1.102,0.729,0.516,0.534,0.458,0,0
32,CRDA1201,RICER048,1,1,2012-07-02,32,22.4,33.4,24.8,NA,6.687,0,6.687,6.438,0,6.438,0,0,242.42,90.38,0,90.38,0,0,NA,NA,NA,1.797,1.257,1.107,0.752,0.545,0.527,0.453,0,0
33,CRDA1201,RICER048,1,1,2012-07-03,33,23.3,35.1,23.4,NA,7.006,0,7.006,6.288,0,6.288,0,0,249.43,96.66,0,96.66,0,0,NA,NA,NA,1.775,1.175,1.064,0.743,0.565,0.521,0.445,0,0
34,CRDA1201,RICER048,1,1,2012-07-04,34,17.7,34.7,24.1,NA,5.348,0,5.348,5.348,0,5.348,0,0,254.77,102.01,0,102.01,0,0,NA,NA,NA,1.419,0.999,0.913,0.643,0.505,0.479,0.39,0,0
35,CRDA1201,RICER048,1,1,2012-07-05,35,23,31.7,25.3,NA,6.705,0,6.705,1.065,0,1.065,0,0,261.48,103.08,0,103.08,0,0,NA,NA,NA,0.881,0.114,0.039,0.015,0.008,0.005,0.003,0,0
36,CRDA1201,RICER048,1,1,2012-07-06,36,24.6,35.3,25.5,NA,7.518,0,7.518,0.992,0,0.992,0,0,269,104.07,0,104.07,0,0,NA,NA,NA,0.809,0.113,0.039,0.015,0.008,0.005,0.003,0,0
37,CRDA1201,RICER048,1,1,2012-07-07,37,24.7,38.9,25.2,NA,9.029,0,9.029,0.925,0,0.925,0,0,278.02,104.99,0,104.99,0,0,NA,NA,NA,0.742,0.113,0.039,0.015,0.008,0.005,0.003,0,0
38,CRDA1201,RICER048,1,1,2012-07-08,38,20.1,33.3,25.2,NA,5.885,0,5.885,0.863,0,0.863,0,0,283.91,105.86,0,105.86,0,0,NA,NA,NA,0.681,0.112,0.039,0.015,0.008,0.005,0.003,0,0
39,CRDA1201,RICER048,1,1,2012-07-09,39,20.7,31.6,25.5,NA,5.949,0,5.949,0.806,0,0.806,0,0,289.86,106.66,0,106.66,0,0,NA,NA,NA,0.625,0.111,0.039,0.015,0.008,0.005,0.003,0,0
40,CRDA1201,RICER048,1,1,2012-07-10,40,19.4,31.9,24.4,NA,5.534,0,5.534,0.754,0,0.754,0,0,295.39,107.42,0,107.42,0,0,NA,NA,NA,0.574,0.111,0.039,0.015,0.008,0.005,0.003,0,0
41,CRDA1201,RICER048,1,1,2012-07-11,41,19.9,33,25.2,NA,5.757,0,5.757,0.706,0,0.706,0,0,301.15,108.12,0,108.12,0,0,NA,NA,NA,0.527,0.11,0.039,0.015,0.008,0.005,0.003,0,0
42,CRDA1201,RICER048,1,1,2012-07-12,42,21,33.7,24.8,NA,6.087,0,6.087,0.662,0,0.662,0,0,307.24,108.78,0,108.78,0,0,NA,NA,NA,0.483,0.11,0.039,0.015,0.008,0.005,0.003,0,0
43,CRDA1201,RICER048,1,1,2012-07-13,43,24.1,35.1,25.1,NA,7.115,0,7.115,0.622,0,0.622,0,0,314.35,109.41,0,109.41,0,0,NA,NA,NA,0.444,0.109,0.039,0.015,0.008,0.005,0.003,0,0
44,CRDA1201,RICER048,1,1,2012-07-14,44,23.8,32.9,24.7,NA,6.808,0,6.808,0.854,0,0.854,0,0,321.16,110.26,0,110.26,0,0,NA,NA,NA,0.675,0.11,0.039,0.015,0.008,0.005,0.003,0,0
45,CRDA1201,RICER048,1,1,2012-07-15,45,21,33.2,25.2,NA,6.22,0,6.22,6.22,0,6.22,0,0,327.38,116.48,0,116.48,0,0,NA,NA,NA,1.708,1.181,1.041,0.727,0.569,0.559,0.435,0,0
46,CRDA1201,RICER048,1,1,2012-07-16,46,24,33,25.4,NA,7.19,0,7.19,6.287,0,6.287,0,0,334.57,122.77,0,122.77,0,0,NA,NA,NA,1.687,1.212,1.073,0.74,0.577,0.565,0.432,0,0
47,CRDA1201,RICER048,1,1,2012-07-17,47,20.7,31.5,25.7,NA,6.051,0,6.051,5.929,0,5.929,0,0,340.62,128.7,0,128.7,0,0,NA,NA,NA,1.46,1.123,1.041,0.733,0.574,0.57,0.427,0,0
48,CRDA1201,RICER048,1,1,2012-07-18,48,18.6,35,25,NA,5.568,0,5.568,5.568,0,5.568,0,0,346.19,134.27,0,134.27,0,0,NA,NA,NA,1.473,1.045,0.951,0.666,0.523,0.521,0.388,0,0
49,CRDA1201,RICER048,1,1,2012-07-19,49,22.3,36,24.6,NA,7.155,0,7.155,6.155,0,6.155,0,0,353.34,140.42,0,140.42,0,0,NA,NA,NA,1.663,1.165,1.047,0.727,0.572,0.562,0.419,0,0
50,CRDA1201,RICER048,1,1,2012-07-20,50,18,30.6,25.8,NA,5.213,0,5.213,5.213,0,5.213,0,0,358.56,145.63,0,145.63,0,0,NA,NA,NA,1.398,0.977,0.894,0.622,0.489,0.476,0.356,0,0
51,CRDA1201,RICER048,1,1,2012-07-21,51,21.7,35.2,25.3,NA,6.668,0,6.668,5.915,0,5.915,0,0,365.23,151.55,0,151.55,0,0,NA,NA,NA,1.524,1.11,1.033,0.722,0.567,0.548,0.41,0,0
52,CRDA1201,RICER048,1,1,2012-07-22,52,24.7,35.7,22.9,NA,7.591,0,7.591,1.054,0,1.054,0,0,372.82,152.6,0,152.6,0,0,NA,NA,NA,0.867,0.116,0.04,0.015,0.008,0.005,0.003,0,0
53,CRDA1201,RICER048,1,1,2012-07-23,53,23.7,33.8,22.6,NA,6.881,0,6.881,0.976,0,0.976,0,0,379.7,153.58,0,153.58,0,0,NA,NA,NA,0.79,0.116,0.04,0.015,0.008,0.005,0.003,0,0
54,CRDA1201,RICER048,1,1,2012-07-24,54,17.1,32.4,24.5,NA,4.939,0,4.939,0.904,0,0.904,0,0,384.64,154.48,0,154.48,0,0,NA,NA,NA,0.719,0.115,0.04,0.015,0.008,0.005,0.003,0,0
55,CRDA1201,RICER048,1,1,2012-07-25,55,21.7,33.5,24.2,NA,6.303,0,6.303,0.839,0,0.839,0,0,390.94,155.32,0,155.32,0,0,NA,NA,NA,0.654,0.114,0.04,0.015,0.008,0.005,0.003,0,0
56,CRDA1201,RICER048,1,1,2012-07-26,56,23,33.1,24.4,NA,6.641,0,6.641,0.78,0,0.78,0,0,397.58,156.1,0,156.1,0,0,NA,NA,NA,0.595,0.114,0.04,0.015,0.008,0.005,0.003,0,0
57,CRDA1201,RICER048,1,1,2012-07-27,57,19.5,31.7,24.8,NA,5.549,0,5.549,0.725,0,0.725,0,0,403.13,156.83,0,156.83,0,0,NA,NA,NA,0.542,0.113,0.04,0.015,0.008,0.005,0.003,0,0
58,CRDA1201,RICER048,1,1,2012-07-28,58,16.8,28.3,24.8,NA,4.6,0,4.6,0.766,0,0.766,0,0,407.73,157.59,0,157.59,0,0,NA,NA,NA,0.583,0.112,0.04,0.015,0.008,0.005,0.003,0,0
59,CRDA1201,RICER048,1,1,2012-07-29,59,16.6,31.1,24.1,NA,4.691,0.009,4.682,4.691,0.009,4.682,0,0,412.42,162.28,0.01,162.27,0,0,NA,NA,NA,1.156,0.901,0.831,0.582,0.451,0.435,0.326,0.001,0.157
60,CRDA1201,RICER048,1,1,2012-07-30,60,9.8,30.8,24.6,NA,2.851,0.007,2.844,2.851,0.007,2.844,0,0,415.27,165.13,0.02,165.12,0,0,NA,NA,NA,0.749,0.538,0.495,0.345,0.268,0.257,0.191,0.001,0.262
61,CRDA1201,RICER048,1,1,2012-07-31,61,21.9,31.5,24.3,NA,6.339,0.054,6.317,5.882,0.054,5.827,0,0,421.61,171.02,0.07,170.95,0,0,NA,NA,NA,1.46,1.104,1.028,0.721,0.571,0.543,0.4,0.005,0.261
62,CRDA1201,RICER048,1,1,2012-08-01,62,16.6,29.9,24.4,NA,4.691,0.049,4.671,1.072,0.049,1.023,0,0,426.3,172.09,0.12,171.97,0,0,NA,NA,NA,0.835,0.117,0.04,0.015,0.008,0.005,0.003,0.005,0.261
63,CRDA1201,RICER048,1,1,2012-08-02,63,22.7,31.1,23.5,NA,6.426,0.081,6.394,1.025,0.081,0.944,0,0,432.73,173.11,0.2,172.91,0,0,NA,NA,NA,0.757,0.116,0.04,0.015,0.008,0.005,0.003,0.008,0.202
64,CRDA1201,RICER048,1,1,2012-08-03,64,18.1,29.5,24,NA,5.035,0.075,5.006,1.105,0.075,1.03,0,0,437.76,174.22,0.28,173.94,0,0,NA,NA,NA,0.843,0.116,0.04,0.015,0.008,0.005,0.003,0.008,0.165
65,CRDA1201,RICER048,1,1,2012-08-04,65,17.8,31.6,24.2,NA,5.133,0.035,5.097,5.132,0.035,5.097,0,0,442.9,179.35,0.31,179.04,0,0,NA,NA,NA,1.367,1.008,0.876,0.602,0.472,0.445,0.327,0.003,0.263
66,CRDA1201,RICER048,1,1,2012-08-05,66,18.8,29.8,24.2,NA,5.383,0.042,5.34,5.382,0.042,5.34,0,0,448.28,184.73,0.35,184.38,0,0,NA,NA,NA,1.476,1.101,0.911,0.615,0.474,0.447,0.316,0.004,0.264
67,CRDA1201,RICER048,1,1,2012-08-06,67,19.8,30.2,23,NA,5.64,0.05,5.589,5.639,0.05,5.589,0,0,453.92,190.37,0.4,189.97,0,0,NA,NA,NA,1.416,1.081,0.98,0.677,0.529,0.529,0.377,0.005,0.266
68,CRDA1201,RICER048,1,1,2012-08-07,68,16.1,30.4,24.5,NA,4.584,0.052,4.531,4.583,0.052,4.531,0,0,458.5,194.95,0.45,194.5,0,0,NA,NA,NA,1.052,0.86,0.811,0.565,0.444,0.46,0.338,0.005,0.269
69,CRDA1201,RICER048,1,1,2012-08-08,69,24,31.6,24.2,NA,6.867,0.223,6.778,6.208,0.223,5.985,0,0,465.37,201.16,0.68,200.48,0,0,NA,NA,NA,1.518,1.109,1.039,0.726,0.568,0.591,0.434,0.022,0.271
70,CRDA1201,RICER048,1,1,2012-08-09,70,23.2,32.4,24,NA,6.772,0.247,6.673,6.545,0.247,6.298,0,0,472.14,207.71,0.92,206.78,0,0,NA,NA,NA,1.762,1.172,1.054,0.73,0.567,0.583,0.429,0.025,0.273
71,CRDA1201,RICER048,1,1,2012-08-10,71,24.6,32.4,23.8,NA,7.183,0.294,7.065,6.687,0.294,6.394,0,0,479.32,214.39,1.22,213.17,0,0,NA,NA,NA,1.796,1.209,1.073,0.738,0.574,0.58,0.424,0.029,0.276
72,CRDA1201,RICER048,1,1,2012-08-11,72,24.7,32.5,23.4,NA,7.194,0.333,7.06,6.469,0.333,6.136,0,0,486.52,220.86,1.55,219.31,0,0,NA,NA,NA,1.611,1.152,1.062,0.737,0.576,0.579,0.419,0.033,0.279
73,CRDA1201,RICER048,1,1,2012-08-12,73,19,29.5,24.2,NA,5.335,0.109,5.224,5.333,0.109,5.224,0,0,491.85,226.19,1.66,224.54,0,0,NA,NA,NA,1.399,0.975,0.896,0.623,0.489,0.49,0.352,0.011,0.284
74,CRDA1201,RICER048,1,1,2012-08-13,74,20.8,29.3,24.8,NA,5.921,0.134,5.784,5.919,0.134,5.784,0,0,497.77,232.11,1.79,230.32,0,0,NA,NA,NA,1.642,1.093,0.969,0.667,0.521,0.522,0.37,0.013,0.289
75,CRDA1201,RICER048,1,1,2012-08-14,75,15.3,30.4,24.2,NA,4.379,0.11,4.267,4.378,0.11,4.267,0,0,502.15,236.49,1.9,234.59,0,0,NA,NA,NA,1.089,0.805,0.742,0.516,0.407,0.416,0.293,0.011,0.294
76,CRDA1201,RICER048,1,1,2012-08-15,76,11.7,30.1,24.3,NA,3.304,0.229,3.211,1.35,0.229,1.121,0,0,505.46,237.84,2.13,235.71,0,0,NA,NA,NA,0.925,0.122,0.042,0.015,0.008,0.006,0.003,0.023,0.3
77,CRDA1201,RICER048,1,1,2012-08-16,77,15.7,29.6,24.3,NA,4.387,0.132,4.252,4.384,0.132,4.252,0,0,509.84,242.23,2.27,239.96,0,0,NA,NA,NA,1.074,0.844,0.738,0.505,0.394,0.407,0.29,0.013,0.304
78,CRDA1201,RICER048,1,1,2012-08-17,78,16,28.9,24.4,NA,4.514,0.15,4.36,4.51,0.15,4.36,0,0,514.36,246.74,2.42,244.32,0,0,NA,NA,NA,1.175,0.837,0.749,0.51,0.395,0.403,0.291,0.015,0.307
79,CRDA1201,RICER048,1,1,2012-08-18,79,16.9,28.1,23.8,NA,4.677,0.172,4.5,4.672,0.172,4.5,0,0,519.03,251.41,2.59,248.82,0,0,NA,NA,NA,1.111,0.84,0.783,0.546,0.429,0.443,0.348,0.017,0.312
80,CRDA1201,RICER048,1,1,2012-08-19,80,19.8,30.9,23.1,NA,5.564,0.226,5.333,5.558,0.226,5.333,0,0,524.6,256.97,2.81,254.15,0,0,NA,NA,NA,1.251,0.985,0.937,0.657,0.518,0.537,0.448,0.023,0.318
81,CRDA1201,RICER048,1,1,2012-08-20,81,21.2,32.1,23.8,NA,6.035,0.671,5.757,1.694,0.671,1.023,0,0,530.63,258.66,3.48,255.18,0,0,NA,NA,NA,0.834,0.116,0.041,0.015,0.008,0.006,0.003,0.067,0.325
82,CRDA1201,RICER048,1,1,2012-08-21,82,17.2,30.2,24.9,NA,4.808,0.586,4.561,1.533,0.586,0.947,0,0,535.44,260.19,4.07,256.12,0,0,NA,NA,NA,0.76,0.114,0.041,0.015,0.008,0.006,0.003,0.059,0.259
83,CRDA1201,RICER048,1,1,2012-08-22,83,20.4,30,24.4,NA,5.654,0.314,5.336,5.65,0.314,5.336,0,0,541.1,265.84,4.38,261.46,0,0,NA,NA,NA,1.32,0.958,0.923,0.646,0.511,0.532,0.445,0.031,0.253
84,CRDA1201,RICER048,1,1,2012-08-23,84,22.8,30,24.8,NA,6.456,0.467,6.053,6.453,0.467,5.986,0,0,547.55,272.3,4.85,267.44,0,0,NA,NA,NA,1.545,1.086,1.019,0.703,0.559,0.584,0.49,0.047,0.352
85,CRDA1201,RICER048,1,1,2012-08-24,85,15.3,30.4,23.6,NA,4.255,0.292,3.958,4.25,0.292,3.958,0,0,551.81,276.55,5.14,271.4,0,0,NA,NA,NA,1.061,0.72,0.67,0.451,0.36,0.378,0.318,0.029,0.364
86,CRDA1201,RICER048,1,1,2012-08-25,86,18.5,29.8,24.4,NA,5.207,0.39,4.811,5.201,0.39,4.811,0,0,557.01,281.75,5.53,276.21,0,0,NA,NA,NA,1.263,0.887,0.829,0.553,0.435,0.458,0.385,0.039,0.379
87,CRDA1201,RICER048,1,1,2012-08-26,87,19.2,29.6,23.9,NA,5.3,0.438,4.856,5.294,0.438,4.856,0,0,562.31,287.04,5.97,281.07,0,0,NA,NA,NA,1.305,0.916,0.829,0.561,0.425,0.445,0.375,0.044,0.391
88,CRDA1201,RICER048,1,1,2012-08-27,88,18.9,29.8,22.6,NA,5.228,0.459,4.764,5.223,0.459,4.764,0,0,567.54,292.27,6.43,285.83,0,0,NA,NA,NA,1.226,0.899,0.824,0.569,0.436,0.44,0.371,0.046,0.406
89,CRDA1201,RICER048,1,1,2012-08-28,89,19.9,29.2,24.1,NA,5.461,1.161,4.948,2.269,1.161,1.109,0,0,573,294.53,7.59,286.94,0,0,NA,NA,NA,0.915,0.121,0.041,0.015,0.008,0.005,0.003,0.116,0.418
90,CRDA1201,RICER048,1,1,2012-08-29,90,22.3,29.7,24.2,NA,6.116,0.604,5.504,6.108,0.604,5.504,0,0,579.12,300.64,8.2,292.45,0,0,NA,NA,NA,1.427,1.022,0.948,0.659,0.516,0.505,0.426,0.06,0.431
91,CRDA1201,RICER048,1,1,2012-08-30,91,20.8,30.3,24.2,NA,5.817,0.615,5.19,5.805,0.615,5.19,0,0,584.94,306.45,8.81,297.64,0,0,NA,NA,NA,1.471,0.979,0.865,0.595,0.46,0.445,0.375,0.061,0.445
92,CRDA1201,RICER048,1,1,2012-08-31,92,18.6,29.2,24.4,NA,5.138,0.588,4.545,5.132,0.588,4.545,0,0,590.07,311.58,9.4,302.18,0,0,NA,NA,NA,1.157,0.86,0.787,0.55,0.427,0.422,0.342,0.059,0.461
93,CRDA1201,RICER048,1,1,2012-09-01,93,22.2,30,24.1,NA,6.101,1.645,5.35,2.753,1.645,1.107,0,0,596.17,314.33,11.04,303.29,0,0,NA,NA,NA,0.912,0.122,0.042,0.015,0.008,0.005,0.003,0.165,0.478
94,CRDA1201,RICER048,1,1,2012-09-02,94,20.9,29.8,24.4,NA,5.702,0.741,4.946,5.688,0.741,4.946,0,0,601.88,320.02,11.78,308.23,0,0,NA,NA,NA,1.264,0.934,0.853,0.593,0.465,0.47,0.368,0.074,0.48
95,CRDA1201,RICER048,1,1,2012-09-03,95,20.9,29.9,24,NA,5.766,0.806,4.945,5.751,0.806,4.945,0,0,607.64,325.77,12.59,313.18,0,0,NA,NA,NA,1.27,0.92,0.856,0.592,0.466,0.476,0.366,0.081,0.514
96,CRDA1201,RICER048,1,1,2012-09-04,96,22.1,30.2,22.9,NA,5.992,1.926,5.077,3.024,1.926,1.098,0,0,613.63,328.79,14.52,314.28,0,0,NA,NA,NA,0.906,0.119,0.041,0.015,0.008,0.006,0.003,0.193,0.534
97,CRDA1201,RICER048,1,1,2012-09-05,97,15.8,30.7,23.4,NA,4.29,1.468,3.585,2.565,1.468,1.098,0,0,617.92,331.36,15.98,315.38,0,0,NA,NA,NA,0.908,0.117,0.041,0.015,0.008,0.006,0.003,0.147,0.527
98,CRDA1201,RICER048,1,1,2012-09-06,98,17.1,30.7,24.6,NA,4.7,0.808,3.884,4.692,0.808,3.884,0,0,622.62,336.05,16.79,319.26,0,0,NA,NA,NA,1.051,0.704,0.658,0.453,0.358,0.377,0.284,0.081,0.579
99,CRDA1201,RICER048,1,1,2012-09-07,99,24.9,31,24.7,NA,6.914,1.261,5.643,6.905,1.261,5.643,0,0,629.54,342.96,18.05,324.9,0,0,NA,NA,NA,1.604,1.029,0.942,0.64,0.5,0.529,0.399,0.126,0.597
100,CRDA1201,RICER048,1,1,2012-09-08,100,24.5,30.5,24.8,NA,6.724,1.309,5.392,6.701,1.309,5.392,0,0,636.26,349.66,19.36,330.29,0,0,NA,NA,NA,1.487,1.04,0.913,0.617,0.472,0.491,0.371,0.131,0.616
101,CRDA1201,RICER048,1,1,2012-09-09,101,12.8,28.8,24.9,NA,3.452,0.72,2.718,3.438,0.72,2.717,0,0,639.71,353.09,20.08,333.01,0,0,NA,NA,NA,0.689,0.522,0.473,0.327,0.252,0.261,0.194,0.072,0.642
102,CRDA1201,RICER048,1,1,2012-09-10,102,22.2,30.4,23.3,NA,5.972,1.302,4.646,5.948,1.302,4.646,0,0,645.69,359.04,21.38,337.66,0,0,NA,NA,NA,1.216,0.919,0.793,0.542,0.422,0.437,0.318,0.13,0.674
103,CRDA1201,RICER048,1,1,2012-09-11,103,19.3,30.8,23.1,NA,5.228,1.223,3.993,5.216,1.223,3.993,0,0,650.91,364.26,22.61,341.65,0,0,NA,NA,NA,1.014,0.769,0.699,0.479,0.371,0.381,0.28,0.122,0.699
104,CRDA1201,RICER048,1,1,2012-09-12,104,21.4,29,24.5,NA,5.692,1.402,4.274,5.675,1.402,4.273,0,0,656.61,369.93,24.01,345.92,0,0,NA,NA,NA,1.038,0.797,0.751,0.527,0.414,0.426,0.319,0.14,0.735
105,CRDA1201,RICER048,1,1,2012-09-13,105,23.6,31.4,24.3,NA,6.397,1.658,4.713,6.371,1.658,4.713,0,0,663,376.3,25.67,350.64,0,0,NA,NA,NA,1.236,0.863,0.803,0.561,0.442,0.459,0.35,0.166,0.766
106,CRDA1201,RICER048,1,1,2012-09-14,106,21.1,30.8,23.2,NA,5.671,1.561,4.093,5.654,1.561,4.092,0,0,668.67,381.96,27.23,354.73,0,0,NA,NA,NA,1.144,0.764,0.678,0.468,0.366,0.38,0.293,0.156,0.8
107,CRDA1201,RICER048,1,1,2012-09-15,107,21.9,29.6,24.4,NA,5.847,1.693,4.133,5.825,1.693,4.132,0,0,674.52,387.78,28.92,358.86,0,0,NA,NA,NA,1.065,0.777,0.711,0.491,0.383,0.396,0.309,0.169,0.838
108,CRDA1201,RICER048,1,1,2012-09-16,108,20.7,27.6,23.9,NA,5.341,1.63,3.691,5.32,1.63,3.69,0,0,679.86,393.1,30.55,362.55,0,0,NA,NA,NA,0.955,0.719,0.631,0.432,0.335,0.345,0.272,0.163,0.875
109,CRDA1201,RICER048,1,1,2012-09-17,109,18.2,30.4,23.2,NA,4.833,1.559,3.263,4.821,1.559,3.262,0,0,684.69,397.92,32.11,365.81,0,0,NA,NA,NA,0.877,0.619,0.554,0.378,0.293,0.299,0.242,0.156,0.914
110,CRDA1201,RICER048,1,1,2012-09-18,110,11.9,29.9,23.9,NA,3.15,1.037,2.103,3.139,1.037,2.102,0,0,687.84,401.06,33.15,367.92,0,0,NA,NA,NA,0.552,0.386,0.356,0.249,0.195,0.2,0.165,0.104,0.954
111,CRDA1201,RICER048,1,1,2012-09-19,111,22.8,32.8,24.2,NA,6.221,2.093,4.115,6.207,2.093,4.114,0,0,694.06,407.27,35.24,372.03,0,0,NA,NA,NA,1.019,0.753,0.709,0.496,0.391,0.406,0.339,0.209,0.991
112,CRDA1201,RICER048,1,1,2012-09-20,112,22.9,31.2,24.4,NA,6.11,3.574,3.99,4.659,3.574,1.084,0,0,700.17,411.93,38.81,373.11,0,0,NA,NA,NA,0.893,0.118,0.042,0.015,0.008,0.006,0.003,0.357,1.018
113,CRDA1201,RICER048,1,1,2012-09-21,113,21.8,29.4,25,NA,5.702,2.009,3.674,5.681,2.009,3.672,0,0,705.88,417.61,40.82,376.79,0,0,NA,NA,NA,0.924,0.681,0.628,0.436,0.343,0.359,0.3,0.201,0.994
114,CRDA1201,RICER048,1,1,2012-09-22,114,17,29.3,23.8,NA,4.451,1.61,2.83,4.438,1.61,2.828,0,0,710.33,422.05,42.43,379.61,0,0,NA,NA,NA,0.726,0.522,0.483,0.333,0.262,0.274,0.229,0.161,1.105
115,CRDA1201,RICER048,1,1,2012-09-23,115,19.8,29.2,24,NA,5.148,3.149,3.235,4.308,3.149,1.159,0,0,715.47,426.35,45.58,380.77,0,0,NA,NA,NA,0.964,0.122,0.042,0.015,0.008,0.006,0.003,0.315,1.149
116,CRDA1201,RICER048,1,1,2012-09-24,116,23.8,30.5,24,NA,6.243,3.862,3.872,4.889,3.862,1.027,0,0,721.72,431.24,49.45,381.8,0,0,NA,NA,NA,0.838,0.117,0.041,0.015,0.008,0.006,0.003,0.386,1.186
117,CRDA1201,RICER048,1,1,2012-09-25,117,14.3,30.7,23.2,NA,3.72,2.338,2.274,3.358,2.338,1.02,0,0,725.44,434.6,51.78,382.82,0,0,NA,NA,NA,0.838,0.111,0.04,0.015,0.007,0.005,0.003,0.234,1.107
118,CRDA1201,RICER048,1,1,2012-09-26,118,24,30.6,24.5,NA,6.324,3.961,3.877,5.016,3.961,1.055,0,0,731.76,439.62,55.74,383.87,0,0,NA,NA,NA,0.877,0.108,0.039,0.014,0.007,0.005,0.003,0.396,1.277
119,CRDA1201,RICER048,1,1,2012-09-27,119,23.7,30.9,23.4,NA,6.196,3.865,3.811,4.787,3.865,0.922,0,0,737.96,444.4,59.61,384.8,0,0,NA,NA,NA,0.752,0.102,0.039,0.014,0.007,0.005,0.003,0.386,1.22
120,CRDA1201,RICER048,1,1,2012-09-28,120,24.5,31,23.4,NA,6.397,3.965,3.947,4.791,3.965,0.826,0,0,744.36,449.2,63.57,385.62,0,0,NA,NA,NA,0.662,0.097,0.038,0.014,0.007,0.005,0.003,0.397,1.068
121,CRDA1201,RICER048,1,1,2012-09-29,121,23.4,30.9,23.7,NA,6.106,3.79,3.779,4.809,3.79,1.019,0,0,750.46,454,67.36,386.64,0,0,NA,NA,NA,0.855,0.098,0.036,0.013,0.007,0.005,0.003,0.379,1.044
122,CRDA1201,RICER048,1,1,2012-09-30,122,18,31.4,24.2,NA,4.798,1.811,2.978,4.782,1.811,2.971,0,0,755.26,458.79,69.17,389.61,0,0,NA,NA,NA,0.885,0.52,0.452,0.317,0.253,0.296,0.249,0.181,1.453
123,CRDA1201,RICER048,1,1,2012-10-01,123,18,30,24.4,NA,4.749,1.784,2.957,4.732,1.784,2.949,0,0,760.01,463.52,70.96,392.56,0,0,NA,NA,NA,0.864,0.557,0.44,0.307,0.246,0.29,0.245,0.178,1.446
124,CRDA1201,RICER048,1,1,2012-10-02,124,20.9,30.3,24.1,NA,5.503,2.06,3.437,5.487,2.06,3.426,0,0,765.51,469.01,73.02,395.99,0,0,NA,NA,NA,0.988,0.666,0.518,0.352,0.282,0.336,0.284,0.206,1.348
125,CRDA1201,RICER048,1,1,2012-10-03,125,16.5,33.7,22.6,NA,4.459,1.66,2.794,4.444,1.66,2.784,0,0,769.97,473.45,74.68,398.77,0,0,NA,NA,NA,0.793,0.547,0.428,0.284,0.227,0.274,0.232,0.166,1.302
126,CRDA1201,RICER048,1,1,2012-10-04,126,13.8,32,21.5,NA,3.63,1.348,2.282,3.62,1.348,2.273,0,0,773.6,477.07,76.03,401.04,0,0,NA,NA,NA,0.624,0.453,0.354,0.234,0.188,0.227,0.192,0.135,1.243
127,CRDA1201,RICER048,1,1,2012-10-05,127,22.3,32.3,22.6,NA,5.923,2.189,3.735,5.907,2.189,3.718,0,0,779.52,482.98,78.22,404.76,0,0,NA,NA,NA,1.072,0.739,0.569,0.371,0.298,0.362,0.307,0.219,1.139
128,CRDA1201,RICER048,1,1,2012-10-06,128,20,30,24.9,NA,5.289,1.939,3.346,5.269,1.939,3.33,0,0,784.81,488.25,80.15,408.09,0,0,NA,NA,NA,1.018,0.655,0.509,0.317,0.255,0.311,0.264,0.194,1.145
129,CRDA1201,RICER048,1,1,2012-10-07,129,19,31.2,23.5,NA,5.05,1.841,3.205,5.029,1.841,3.188,0,0,789.86,493.27,82,411.28,0,0,NA,NA,NA,0.902,0.643,0.518,0.31,0.249,0.306,0.26,0.184,1.187
130,CRDA1201,RICER048,1,1,2012-10-08,130,17.6,29.5,23.5,NA,4.568,1.656,2.908,4.547,1.656,2.891,0,0,794.43,497.82,83.65,414.17,0,0,NA,NA,NA,0.807,0.58,0.475,0.282,0.228,0.28,0.238,0.166,1.175
131,CRDA1201,RICER048,1,1,2012-10-09,131,22.8,30.1,23.5,NA,5.964,2.157,3.809,5.943,2.157,3.785,0,0,800.39,503.76,85.81,417.95,0,0,NA,NA,NA,1.051,0.759,0.618,0.372,0.301,0.37,0.315,0.216,1.151
132,CRDA1201,RICER048,1,1,2012-10-10,132,20.5,29.9,23.2,NA,5.321,3.188,3.409,4.202,3.188,1.014,0,0,805.72,507.97,89,418.97,0,0,NA,NA,NA,0.846,0.11,0.033,0.011,0.006,0.005,0.003,0.319,0.971
133,CRDA1201,RICER048,1,1,2012-10-11,133,22,30.8,23.4,NA,5.752,3.436,3.697,4.31,3.436,0.873,0,0,811.47,512.28,92.43,419.84,0,0,NA,NA,NA,0.713,0.104,0.033,0.011,0.006,0.005,0.003,0.344,0.758
134,CRDA1201,RICER048,1,1,2012-10-12,134,20.8,30.8,23.7,NA,5.437,3.229,3.506,4.009,3.229,0.78,0,0,816.9,516.28,95.66,420.62,0,0,NA,NA,NA,0.63,0.094,0.032,0.011,0.006,0.005,0.003,0.323,0.46
135,CRDA1201,RICER048,1,1,2012-10-13,135,23.3,32.1,22.4,NA,6.107,3.616,3.951,4.197,3.214,0.983,0,0,823.01,520.48,98.88,421.6,0,0,NA,NA,NA,0.835,0.094,0.031,0.01,0.005,0.005,0.003,0.321,0.321
136,CRDA1201,RICER048,1,1,2012-10-14,136,21.5,33.1,22.4,NA,5.772,2.038,3.747,5.751,2.038,3.713,0,0,828.78,526.23,100.91,425.32,0,0,NA,NA,NA,1.132,0.658,0.565,0.374,0.301,0.369,0.313,0.204,0.539
137,CRDA1201,RICER048,1,1,2012-10-15,137,21.6,30.5,23.3,NA,5.645,1.981,3.677,5.622,1.981,3.641,0,0,834.43,531.85,102.9,428.96,0,0,NA,NA,NA,1.156,0.672,0.528,0.353,0.285,0.35,0.297,0.198,0.431
138,CRDA1201,RICER048,1,1,2012-10-16,138,18.6,30.2,23,NA,4.875,1.703,3.186,4.856,1.703,3.153,0,0,839.3,536.71,104.6,432.11,0,0,NA,NA,NA,0.974,0.632,0.446,0.302,0.244,0.3,0.255,0.17,0.664
139,CRDA1201,RICER048,1,1,2012-10-17,139,9,31.6,23.5,NA,2.388,1.344,1.566,2.381,1.344,1.036,0,0,841.69,539.09,105.94,433.15,0,0,NA,NA,NA,0.882,0.104,0.028,0.01,0.005,0.004,0.003,0.134,0.649
140,CRDA1201,RICER048,1,1,2012-10-18,140,22.6,33,22.5,NA,6.022,3.498,3.963,4.426,3.498,0.928,0,0,847.71,543.52,109.44,434.08,0,0,NA,NA,NA,0.779,0.1,0.028,0.01,0.005,0.004,0.003,0.35,0.498
141,CRDA1201,RICER048,1,1,2012-10-19,141,22.1,33.3,22.3,NA,5.879,3.404,3.883,2.518,1.732,0.786,0,0,853.59,546.04,111.17,434.86,0,0,NA,NA,NA,0.648,0.088,0.027,0.01,0.005,0.004,0.003,0.173,0.173
142,CRDA1201,RICER048,1,1,2012-10-20,142,14.9,31.9,24,NA,3.948,2.248,2.64,2.038,1.328,0.709,0,0,857.54,548.07,112.5,435.57,0,0,NA,NA,NA,0.576,0.084,0.027,0.01,0.005,0.004,0.003,0.133,0.133
143,CRDA1201,RICER048,1,1,2012-10-21,143,20.9,31.6,22,NA,5.437,3.056,3.673,1.771,1.12,0.65,0,0,862.98,549.85,113.62,436.22,0,0,NA,NA,NA,0.52,0.082,0.027,0.01,0.005,0.004,0.003,0.112,0.114
144,CRDA1201,RICER048,1,1,2012-10-22,144,18.1,29.6,21.6,NA,4.591,2.547,3.13,1.785,1.002,0.782,0,0,867.57,551.63,114.62,437,0,0,NA,NA,NA,0.654,0.08,0.027,0.01,0.005,0.004,0.003,0.1,0.1
145,CRDA1201,RICER048,1,1,2012-10-23,145,19.1,31.7,23.5,NA,5.074,2.762,3.508,3.191,2.287,0.903,0,0.001,872.64,554.82,116.91,437.91,0,0,NA,NA,NA,0.776,0.078,0.027,0.01,0.005,0.004,0.003,0.229,0.229
146,CRDA1201,RICER048,1,1,2012-10-24,146,9.4,29.9,24.9,NA,2.46,1.333,1.707,1.585,0.879,0.705,0,0.001,875.1,556.41,117.79,438.61,0,0,NA,NA,NA,0.58,0.077,0.026,0.009,0.005,0.004,0.003,0.088,0.088
147,CRDA1201,RICER048,1,1,2012-10-25,147,18,31.2,23.8,NA,4.731,2.53,3.308,1.478,0.794,0.683,0,0.001,879.83,557.88,118.58,439.29,0,0.01,NA,NA,NA,0.56,0.076,0.026,0.009,0.005,0.004,0.003,0.079,0.079
148,CRDA1201,RICER048,1,1,2012-10-26,148,20.3,30.7,23.6,NA,5.305,2.797,3.741,1.39,0.724,0.665,0,0.001,885.14,559.27,119.31,439.96,0,0.01,NA,NA,NA,0.543,0.075,0.026,0.009,0.005,0.004,0.003,0.072,0.075
149,CRDA1201,RICER048,1,1,2012-10-27,149,15.4,30.3,23.1,NA,3.988,2.076,2.837,1.433,0.677,0.755,0,0.001,889.13,560.71,119.99,440.71,0,0.01,NA,NA,NA,0.635,0.074,0.026,0.009,0.005,0.004,0.003,0.068,0.068
150,CRDA1201,RICER048,1,1,2012-10-28,150,17.2,31,21.8,NA,4.483,2.276,3.232,2.088,1.118,0.969,0,0.001,893.61,562.8,121.1,441.68,0,0.01,NA,NA,NA,0.849,0.074,0.026,0.009,0.005,0.004,0.003,0.112,0.112
151,CRDA1201,RICER048,1,1,2012-10-29,151,9.4,29.5,22.3,NA,2.432,1.21,1.771,2.19,1.21,0.979,0,0.001,896.04,564.99,122.31,442.66,0,0.01,NA,NA,NA,0.859,0.073,0.026,0.009,0.005,0.004,0.002,0.121,0.252
152,CRDA1201,RICER048,1,1,2012-10-30,152,16.9,28.8,22,NA,4.307,2.133,3.146,1.751,0.933,0.817,0,0.001,900.35,566.74,123.25,443.48,0,0.01,NA,NA,NA,0.698,0.073,0.026,0.009,0.005,0.004,0.002,0.093,0.093
153,CRDA1201,RICER048,1,1,2012-10-31,153,20.8,33.4,21,NA,5.513,2.678,4.069,1.348,0.625,0.721,0,0.001,905.86,568.08,123.87,444.2,0,0.01,NA,NA,NA,0.603,0.072,0.025,0.009,0.005,0.004,0.002,0.063,0.063
154,CRDA1201,RICER048,1,1,2012-11-01,154,21.6,32.8,21.1,NA,5.686,2.69,4.254,1.193,0.533,0.659,0,0.001,911.55,569.28,124.4,444.86,0,0.01,NA,NA,NA,0.542,0.071,0.025,0.009,0.005,0.004,0.002,0.053,0.055
155,CRDA1201,RICER048,1,1,2012-11-02,155,21.4,32.5,23.1,NA,5.689,2.611,4.313,1.117,0.506,0.609,0,0.001,917.24,570.39,124.91,445.47,0,0.02,NA,NA,NA,0.493,0.071,0.025,0.009,0.005,0.004,0.002,0.051,0.051
156,CRDA1201,RICER048,1,1,2012-11-03,156,21.1,33.4,22.7,NA,5.64,2.518,4.331,1.246,0.482,0.762,0,0.001,922.88,571.64,125.39,446.23,0,0.02,NA,NA,NA,0.647,0.07,0.025,0.009,0.005,0.004,0.002,0.048,0.048
157,CRDA1201,RICER048,1,1,2012-11-04,157,20,32.9,22.9,NA,5.393,2.338,4.192,2.985,2.08,0.902,0,0.003,928.27,574.62,127.47,447.13,0,0.02,NA,NA,NA,0.787,0.069,0.025,0.009,0.005,0.004,0.002,0.208,0.208
158,CRDA1201,RICER048,1,1,2012-11-05,158,21.4,34.6,23.8,NA,5.859,2.522,4.568,1.157,0.473,0.682,0,0.003,934.13,575.78,127.95,447.81,0,0.02,NA,NA,NA,0.568,0.069,0.025,0.009,0.005,0.004,0.002,0.047,0.047
159,CRDA1201,RICER048,1,1,2012-11-06,159,20.7,33.3,23.6,NA,5.577,2.32,4.397,1.052,0.423,0.626,0,0.003,939.71,576.83,128.37,448.44,0,0.03,NA,NA,NA,0.513,0.068,0.025,0.009,0.005,0.004,0.002,0.042,0.044
160,CRDA1201,RICER048,1,1,2012-11-07,160,20.6,33.5,20.7,NA,5.443,2.198,4.339,0.987,0.406,0.579,0,0.003,945.15,577.82,128.77,449.02,0,0.03,NA,NA,NA,0.467,0.067,0.025,0.009,0.005,0.004,0.002,0.041,0.041
161,CRDA1201,RICER048,1,1,2012-11-08,161,21.7,33,21.6,NA,5.732,2.237,4.616,0.928,0.389,0.535,0,0.003,950.88,578.75,129.16,449.55,0,0.03,NA,NA,NA,0.424,0.067,0.025,0.009,0.005,0.004,0.002,0.039,0.039
162,CRDA1201,RICER048,1,1,2012-11-09,162,20.8,32.7,20.1,NA,5.411,2.046,4.402,0.873,0.374,0.496,0,0.003,956.29,579.62,129.54,450.05,0,0.03,NA,NA,NA,0.386,0.066,0.024,0.009,0.005,0.004,0.002,0.037,0.037
163,CRDA1201,RICER048,1,1,2012-11-10,163,12.4,26.3,19.5,NA,2.989,1.088,2.454,0.823,0.36,0.46,0,0.003,959.28,580.45,129.9,450.51,0,0.04,NA,NA,NA,0.351,0.066,0.024,0.009,0.005,0.004,0.002,0.036,0.036
164,CRDA1201,RICER048,1,1,2012-11-11,164,13.9,27.1,18.6,NA,3.353,1.191,2.773,0.756,0.326,0.428,0,0.003,962.63,581.2,130.22,450.94,0,0.04,NA,NA,NA,0.319,0.065,0.024,0.009,0.005,0.004,0.002,0.033,0.035
165,CRDA1201,RICER048,1,1,2012-11-12,165,13.8,28.8,20.1,NA,3.425,1.182,2.854,0.715,0.314,0.398,0,0.003,966.06,581.92,130.54,451.34,0,0.04,NA,NA,NA,0.29,0.065,0.024,0.009,0.005,0.004,0.002,0.031,0.031
166,CRDA1201,RICER048,1,1,2012-11-13,166,12.7,30,20.8,NA,3.205,1.074,2.69,0.678,0.304,0.371,0,0.003,969.26,582.59,130.84,451.71,0,0.04,NA,NA,NA,0.263,0.064,0.024,0.009,0.005,0.004,0.002,0.03,0.03
167,CRDA1201,RICER048,1,1,2012-11-14,167,20.3,33.2,21.8,NA,5.329,1.739,4.503,0.644,0.294,0.347,0,0.002,974.59,583.24,131.14,452.06,0,0.05,NA,NA,NA,0.239,0.064,0.024,0.009,0.005,0.004,0.002,0.029,0.029
168,CRDA1201,RICER048,1,1,2012-11-15,168,21,33.2,22.5,NA,5.53,1.742,4.709,0.637,0.285,0.349,0,0.002,980.12,583.88,131.42,452.4,0,0.05,NA,NA,NA,0.242,0.064,0.024,0.009,0.005,0.004,0.002,0.029,0.029
169,CRDA1201,RICER048,1,1,2012-11-16,169,19.8,32.7,21.9,NA,5.167,1.572,4.432,0.685,0.277,0.399,0,0.009,985.29,584.56,131.7,452.8,0,0.06,NA,NA,NA,0.293,0.063,0.024,0.009,0.005,0.004,0.002,0.028,0.028
170,CRDA1201,RICER048,1,1,2012-11-17,170,18.1,32.1,22.4,NA,4.719,1.384,4.075,0.701,0.268,0.421,0,0.012,990.01,585.26,131.97,453.22,0,0.07,NA,NA,NA,0.315,0.063,0.024,0.009,0.005,0.004,0.002,0.027,0.027
171,CRDA1201,RICER048,1,1,2012-11-18,171,20.4,33.9,21.4,NA,5.367,1.574,4.635,0.702,0.261,0.431,0,0.011,995.38,585.96,132.23,453.65,0,0.08,NA,NA,NA,0.325,0.063,0.024,0.009,0.005,0.004,0.002,0.026,0.026
172,CRDA1201,RICER048,1,1,2012-11-19,172,19.3,34.1,21,NA,5.084,1.489,4.391,0.707,0.253,0.44,0,0.015,1000,587,132,454,0,0,NA,NA,NA,0.334,0.062,0.024,0.009,0.005,0.004,0.002,0.025,0.025
