,EXPERIMENT,MODEL,RUN,TRNO,DATE,DAS,DAP,L#SD,GSTD,LAID,LWAD,SWAD,GWAD,RWAD,EWAD,CWAD,G#AD,GWGD,HIAD,T#AD,WSPD,WSGD,EWSD,NSTD,KSTD,LN%D,SH%D,SLAD,CHTD,CWID,RDPD,RL1D,RL2D,RL3D,RL4D,RL5D,SNW0C,SNW1C,DTTC
1,CRDA1201,RICER048,1,1,2012-07-13,43,0,0,0,0,1,1,0,1,0,1,0,0,0,60,0,0,0,0,0,0,0,0,0,0,0.02,0,0,0,0,0,0,0,18
2,CRDA1201,RICER048,1,1,2012-07-14,44,1,0,0,0,1,1,0,1,0,1,0,0,0,60,0,0,0,0,0,0,0,0,0,0,0.02,0,0,0,0,0,0,0,36
3,CRDA1201,RICER048,1,1,2012-07-15,45,2,0,0,0,1,1,0,1,0,1,0,0,0,60,0,0,0,0,0,0,0,0,0,0,0.02,0,0,0,0,0,0,0,53
4,CRDA1201,RICER048,1,1,2012-07-16,46,3,0,0,0,1,1,0,1,0,1,0,0,0,60,0,0,0,0,0,0,0,0,0,0,0.05,0,0,0,0,0,0,0,71
5,CRDA1201,RICER048,1,1,2012-07-17,47,4,0,0,0,1,1,0,1,0,1,0,0,0,60,0,0,0,0,0,0,0,0,0,0,0.07,0,0,0,0,0,0,0,89
6,CRDA1201,RICER048,1,1,2012-07-18,48,5,1,1,0.01,2,1,0,1,0,3,0,0,0,60,0,0,0,0,0,0,0,270.7,0,0,0.1,1.01,0.5,0,0,0,0,0,107
7,CRDA1201,RICER048,1,1,2012-07-19,49,6,1,1,0.01,4,1,0,1,0,4,0,0,0,60,0,0,0,0,0,0,0,233.3,0,0,0.1,1.01,0.5,0,0,0,0,0,125
8,CRDA1201,RICER048,1,1,2012-07-20,50,7,2,1,0.01,5,1,0,1,0,6,0,0,0,60,0,0,0,0,0,0,0,217.1,0,0,0.13,1.01,0.5,0,0,0,0,0,143
9,CRDA1201,RICER048,1,1,2012-07-21,51,8,2,1,0.02,7,1,0,2,0,8,0,0,0,60,0,0,0,0,0,0,0,208.2,0,0,0.17,1.01,0.5,0,0,0,0,0,160
10,CRDA1201,RICER048,1,1,2012-07-22,52,9,3,1,0.02,9,1,0,3,0,10,0,0,0,60,0,0,0,0,0,0,0,202.2,0,0,0.2,1,0.5,0,0,0,0,0,178
11,CRDA1201,RICER048,1,1,2012-07-23,53,10,3,1,0.02,12,1,0,4,0,12,0,0,0,60,0,0,0,0,0,0,0,198,0,0,0.23,1,0.5,0,0,0,0,0,196
12,CRDA1201,RICER048,1,1,2012-07-24,54,11,4,1,0.03,14,1,0,5,0,15,0,0,0,60,0,0,0,0,0,0,0,195,0,0,0.26,1,0.5,0.01,0,0,0,0,214
13,CRDA1201,RICER048,1,1,2012-07-25,55,12,4,1,0.03,17,1,0,6,0,18,0,0,0,60,0,0,0,0,0,0,0,192.8,0,0,0.29,1,0.5,0.01,0,0,0,0,232
14,CRDA1201,RICER048,1,1,2012-07-26,56,13,5,1,0.04,21,1,0,8,0,21,0,0,0,60,0,0,0,0,0,0,0,191,0,0,0.33,1,0.51,0.02,0,0,0,0,250
15,CRDA1201,RICER048,1,1,2012-07-27,57,14,5,1,0.04,24,1,0,11,0,24,0,0,0,60,0,0,0,0,0,0,0,189.9,0,0,0.36,1,0.51,0.02,0,0,0,0,268
16,CRDA1201,RICER048,1,1,2012-07-28,58,15,5,1,0.05,27,1,0,13,0,27,0,0,0,60,0,0,0,0,0,0,0,188.9,0,0,0.39,1,0.52,0.03,0.01,0,0,0,286
17,CRDA1201,RICER048,1,1,2012-07-29,59,16,6,1,0.06,30,1,0,17,0,31,0,0,0,60,0,0,0,0,0,0,0,188.1,0,0,0.42,1,0.52,0.03,0.01,0,0,0,304
18,CRDA1201,RICER048,1,1,2012-07-30,60,17,6,1,0.07,34,1,0,19,0,35,0,0,0,60,0,0,0,0,0,0,0,196.2,0,0,0.46,1.01,0.53,0.04,0.02,0,0,0,322
19,CRDA1201,RICER048,1,1,2012-07-31,61,18,6,1,0.07,38,1,0,21,0,39,0,0,0,60,0,0,0,0,0,0,0,194.7,0,0,0.49,1.01,0.53,0.05,0.03,0,0,0,340
20,CRDA1201,RICER048,1,1,2012-08-01,62,19,6,1,0.08,43,1,0,23,0,43,0,0,0,60,0,0,0,0,0,0,0,193.3,0,0,0.52,1.01,0.53,0.05,0.03,0,0,0,358
21,CRDA1201,RICER048,1,1,2012-08-02,63,20,7,1,0.09,47,1,0,26,0,48,0,0,0,116,0,0,0,0,0,0,0,192.2,0,0,0.55,1.01,0.53,0.06,0.04,0.01,0,0,375
22,CRDA1201,RICER048,1,1,2012-08-03,64,21,7,1,0.1,53,1,0,29,0,54,0,0,0,117,0,0,0,0,0,0,0,191,0,0,0.58,1.01,0.53,0.06,0.04,0.01,0,0,393
23,CRDA1201,RICER048,1,1,2012-08-04,65,22,7,1,0.11,59,1,0,33,0,60,0,0,0,119,0,0,0,0,0,0,0,190.1,0,0,0.62,1.01,0.54,0.07,0.05,0.02,0,0,411
24,CRDA1201,RICER048,1,1,2012-08-05,66,23,8,1,0.13,67,1,0,37,0,67,0,0,0,121,0,0,0,0,0,0,0,189.2,0,0,0.65,1.01,0.54,0.07,0.05,0.02,0,0,429
25,CRDA1201,RICER048,1,1,2012-08-06,67,24,8,1,0.14,75,1,0,41,0,75,0,0,0,124,0,0,0,0,0,0,0,188.4,0,0,0.68,1.01,0.55,0.08,0.06,0.03,0,0,446
26,CRDA1201,RICER048,1,1,2012-08-07,68,25,8,1,0.16,84,1,0,46,0,85,0,0,0,128,0,0,0,0,0,0,0,185.9,0,0,0.71,1.02,0.55,0.09,0.07,0.04,0,0,464
27,CRDA1201,RICER048,1,1,2012-08-08,69,26,9,1,0.17,94,1,0,52,0,95,0,0,0,135,0,0,0,0,0,0,0,183.9,0,0,0.74,1.02,0.56,0.1,0.08,0.05,0,0,482
28,CRDA1201,RICER048,1,1,2012-08-09,70,27,9,1,0.19,102,1,0,56,0,103,0,0,0,142,0,0,0,0,0,0,0,183.7,0,0,0.78,1.02,0.56,0.11,0.09,0.06,0,0,500
29,CRDA1201,RICER048,1,1,2012-08-10,71,28,9,1,0.21,114,1,0,63,0,115,0,0,0,153,0,0,0,0,0,0,0,181.9,0,0,0.81,1.03,0.57,0.11,0.09,0.07,0,0,518
30,CRDA1201,RICER048,1,1,2012-08-11,72,29,10,1,0.23,126,1,0,69,0,127,0,0,0,167,0,0,0,0,0,0,0,180.5,0,0,0.84,1.03,0.58,0.12,0.1,0.08,0,0,536
31,CRDA1201,RICER048,1,1,2012-08-12,73,30,10,1,0.25,140,1,0,77,0,140,0,0,0,184,0,0,0,0,0,0,0,179.1,0,0,0.87,1.04,0.59,0.13,0.11,0.09,0,0,554
32,CRDA1201,RICER048,1,1,2012-08-13,74,31,10,1,0.27,153,1,0,84,0,154,0,0,0,204,0,0,0,0,0,0,0,178,0,0,0.91,1.05,0.6,0.15,0.13,0.1,0,0,572
33,CRDA1201,RICER048,1,1,2012-08-14,75,32,10,1,0.29,165,1,0,91,0,166,0,0,0,220,0,0,0,0,0,0,0,177.2,0,0,0.94,1.05,0.6,0.16,0.14,0.11,0,0,588
34,CRDA1201,RICER048,1,1,2012-08-15,76,33,11,1,0.32,182,1,0,100,0,183,0,0,0,246,0,0,0,0,0,0,0,176.2,0,0,0.97,1.06,0.61,0.17,0.15,0.12,0,0,606
35,CRDA1201,RICER048,1,1,2012-08-16,77,34,11,1,0.35,200,1,0,110,0,201,0,0,0,274,0,0,0,0,0,0,0,175.4,0,0,1,1.07,0.62,0.18,0.16,0.13,0,0,623
36,CRDA1201,RICER048,1,1,2012-08-17,78,35,11,2,0.38,220,31,0,118,0,251,0,0,0,306,0,0,0,0,0,0,0,174.6,0,0,1,1.08,0.64,0.2,0.18,0.15,0,0,640
37,CRDA1201,RICER048,1,1,2012-08-18,79,36,12,2,0.41,236,44,0,124,0,281,0,0,0,330,0,0,0,0,0,0,0,174,0,0,1,1.09,0.65,0.21,0.19,0.16,0,0,657
38,CRDA1201,RICER048,1,1,2012-08-19,80,37,12,2,0.45,262,66,0,134,0,327,0,0,0,368,0,0,0,0,0,0,0,173.3,0,0,1,1.09,0.65,0.22,0.2,0.17,0,0,674
39,CRDA1201,RICER048,1,1,2012-08-20,81,38,12,2,0.5,288,87,0,145,0,375,0,0,0,410,0,0,0,0,0,0,0,172.7,0,0,1,1.1,0.67,0.23,0.21,0.19,0,0,692
40,CRDA1201,RICER048,1,1,2012-08-21,82,39,12,2,0.54,312,107,0,155,0,420,0,0,0,451,0,0,0,0,0,0,0,172.2,0,0,1,1.12,0.68,0.25,0.23,0.2,0,0,710
41,CRDA1201,RICER048,1,1,2012-08-22,83,40,12,2,0.58,340,130,0,166,0,470,0,0,0,500,0,0,0,0,0,0,0,171.8,0,0,1,1.13,0.69,0.27,0.25,0.22,0,0,727
42,CRDA1201,RICER048,1,1,2012-08-23,84,41,13,2,0.64,371,156,0,178,0,528,0,0,0,551,0,0,0,0,0,0,0,171.4,0,0,1,1.14,0.71,0.28,0.26,0.24,0,0,744
43,CRDA1201,RICER048,1,1,2012-08-24,85,42,13,2,0.69,401,180,0,190,0,581,0,0,0,601,0,0,0,0,0,0,0,171,0,0,1,1.15,0.73,0.3,0.28,0.26,0,0,761
44,CRDA1201,RICER048,1,1,2012-08-25,86,43,13,2,0.74,435,208,0,203,0,643,0,0,0,658,0,0,0,0,0,0,0,170.7,0,0,1,1.17,0.74,0.32,0.3,0.28,0,0,778
45,CRDA1201,RICER048,1,1,2012-08-26,87,44,13,2,0.8,472,239,0,218,0,710,0,0,0,717,0,0,0,0,0,0,0,170.4,0,0,1,1.18,0.76,0.34,0.32,0.3,0,0,795
46,CRDA1201,RICER048,1,1,2012-08-27,88,45,14,2,0.87,511,271,0,234,0,782,0,0,0,781,0,0,0,0,0,0,0,170.1,0,0,1,1.2,0.78,0.36,0.34,0.32,0,0,812
47,CRDA1201,RICER048,1,1,2012-08-28,89,46,14,2,0.94,552,305,0,250,0,857,0,0,0,847,0,0,0,0,0,0,0,169.8,0,0,1,1.22,0.8,0.39,0.37,0.34,0,0,829
48,CRDA1201,RICER048,1,1,2012-08-29,90,47,14,2,1.01,595,340,0,267,0,935,0,0,0,917,0,0,0,0,0,0,0,169.6,0,0,1,1.24,0.83,0.41,0.39,0.37,0,0,846
49,CRDA1201,RICER048,1,1,2012-08-30,91,48,14,2,1.09,646,383,0,288,0,1029,0,0,0,991,0,0,0,0,0,0,0,169.4,0,0,1,1.27,0.85,0.44,0.42,0.4,0,0,863
50,CRDA1201,RICER048,1,1,2012-08-31,92,49,14,2,1.17,689,418,0,304,0,1106,0,0,0,1062,0,0,0,0,0,0,0,169.2,0,0,1,1.29,0.88,0.47,0.45,0.43,0,0,880
51,CRDA1201,RICER048,1,1,2012-09-01,93,50,15,2,1.23,729,451,0,320,0,1180,0,0,0,1127,0,0,0,0,0,0,0,169.1,0,0,1,1.32,0.91,0.5,0.48,0.45,0,0,897
52,CRDA1201,RICER048,1,1,2012-09-02,94,51,15,2,1.3,770,485,0,335,0,1255,0,0,0,1193,0,0,0,0,0,0,0,168.9,0,0,1,1.34,0.93,0.52,0.5,0.48,0,0,913
53,CRDA1201,RICER048,1,1,2012-09-03,95,52,15,2,1.38,820,526,0,354,0,1346,0,0,0,1276,0,0,0,0,0,0,0,168.8,0,0,1,1.36,0.95,0.55,0.53,0.5,0,0,930
54,CRDA1201,RICER048,1,1,2012-09-04,96,53,15,3,1.46,863,577,0,368,0,1440,0,0,0,1361,0,0,0,0,0,0,0,169.3,0,0,1,1.38,0.98,0.58,0.56,0.53,0,0,947
55,CRDA1201,RICER048,1,1,2012-09-05,97,54,15,3,1.53,901,623,0,379,0,1523,0,0,0,1429,0,0,0,0,0,0,0,169.7,0,0,1,1.4,1,0.6,0.58,0.56,0,0,964
56,CRDA1201,RICER048,1,1,2012-09-06,98,55,15,3,1.59,937,667,0,389,0,1604,0,0,0,1494,0,0,0,0,0,0,0,170.1,0,0,1,1.42,1.02,0.62,0.6,0.57,0,0,981
57,CRDA1201,RICER048,1,1,2012-09-07,99,56,16,3,1.68,983,723,0,403,0,1705,0,0,0,1588,0,0,0,0,0,0,0,170.5,0,0,1,1.43,1.03,0.63,0.62,0.59,0,0,998
58,CRDA1201,RICER048,1,1,2012-09-08,100,57,16,3,1.77,1035,785,0,419,0,1820,0,0,0,1690,0,0,0,0,0,0,0,171,0,0,1,1.45,1.05,0.66,0.64,0.62,0,0,1015
59,CRDA1201,RICER048,1,1,2012-09-09,101,58,16,3,1.87,1091,854,0,437,0,1945,0,0,0,1690,0,0,0,0,0,0,0,171.4,0,0,1,1.47,1.08,0.68,0.67,0.64,0,0,1032
60,CRDA1201,RICER048,1,1,2012-09-10,102,59,16,3,1.97,1148,924,0,455,0,2072,0,0,0,1690,0,0,0,0,0,0,0,171.8,0,0,1,1.49,1.1,0.71,0.69,0.67,0,0,1049
61,CRDA1201,RICER048,1,1,2012-09-11,103,60,16,3,2.08,1207,999,0,474,0,2206,0,0,0,1690,0,0,0,0,0,0,0,172.1,0,0,1,1.52,1.13,0.74,0.72,0.7,0,0,1066
62,CRDA1201,RICER048,1,1,2012-09-12,104,61,17,3,2.17,1259,1067,0,490,0,2326,0,0,0,1689,0,0,0,0,0,0,0,172.4,0,0,1,1.55,1.16,0.77,0.75,0.73,0,0,1083
63,CRDA1201,RICER048,1,1,2012-09-13,105,62,17,3,2.25,1304,1130,0,504,0,2434,0,0,0,1689,0,0,0,0,0,0,0,172.5,0,0,1,1.57,1.18,0.8,0.78,0.76,0,0,1100
64,CRDA1201,RICER048,1,1,2012-09-14,106,63,17,3,2.35,1360,1210,0,523,0,2570,0,0,0,1689,0,0,0,0,0,0,0,172.7,0,0,1,1.59,1.21,0.82,0.81,0.78,1,0,1117
65,CRDA1201,RICER048,1,1,2012-09-15,107,64,17,3,2.43,1404,1276,0,538,0,2680,0,0,0,1688,0,0,0,0,0,0,0,172.8,0,0,1,1.62,1.23,0.85,0.84,0.81,1,0,1134
66,CRDA1201,RICER048,1,1,2012-09-16,108,65,17,3,2.53,1461,1363,0,558,0,2824,0,0,0,1688,0,0,0,0,0,0,0,172.8,0,0,1,1.64,1.26,0.88,0.86,0.84,1,0,1151
67,CRDA1201,RICER048,1,1,2012-09-17,109,66,17,3,2.62,1514,1449,0,576,0,2963,0,0,0,1687,0,0,0,0,0,0,0,172.9,0,0,1,1.67,1.29,0.91,0.89,0.87,1,0,1168
68,CRDA1201,RICER048,1,1,2012-09-18,110,67,18,3,2.69,1555,1522,0,591,0,3077,0,0,0,1687,0,0,0,0,0,0,0,172.8,0,0,1,1.69,1.32,0.94,0.93,0.9,2,0,1185
69,CRDA1201,RICER048,1,1,2012-09-19,111,68,18,3,2.75,1592,1591,0,604,0,3183,0,0,0,1686,0,0,0,0,0,0,0,172.6,0,0,1,1.71,1.34,0.97,0.95,0.93,3,0,1202
70,CRDA1201,RICER048,1,1,2012-09-20,112,69,18,3,2.81,1630,1667,0,618,0,3297,0,0,0,1685,0,0,0,0,0,0,0,172.4,0,0,1,1.73,1.36,0.99,0.97,0.95,3,0,1219
71,CRDA1201,RICER048,1,1,2012-09-21,113,70,18,3,2.87,1670,1750,0,633,0,3420,0,0,0,1684,0,0,0,0,0,0,0,172.2,0,0,1,1.75,1.38,1.01,1,0.97,4,0,1236
72,CRDA1201,RICER048,1,1,2012-09-22,114,71,18,3,2.94,1709,1839,0,649,0,3547,0,0,0,1683,0,0,0,0,0,0,0,171.9,0,0,1,1.78,1.41,1.04,1.02,1,6,0,1253
73,CRDA1201,RICER048,1,1,2012-09-23,115,72,18,3,2.97,1730,1955,0,667,0,3684,0,0,0,1682,0,0,0,0,0,0,0,171.5,0,0,1,1.8,1.43,1.07,1.05,1.03,7,0,1270
74,CRDA1201,RICER048,1,1,2012-09-24,116,73,19,3,2.99,1751,2073,0,685,0,3824,0,0,0,1681,0,0,0,0,0,0,0,171,0,0,1,1.83,1.46,1.1,1.08,1.06,9,0,1287
75,CRDA1201,RICER048,1,1,2012-09-25,117,74,19,3,3.02,1772,2189,0,702,0,3961,0,0,0,1680,0,0,0,0,0,0,0,170.5,0,0,1,1.85,1.49,1.13,1.11,1.09,11,0,1304
76,CRDA1201,RICER048,1,1,2012-09-26,118,75,19,3,3.05,1794,2317,0,722,0,4111,0,0,0,1678,0,0,0,0,0,0,0,169.9,0,0,1,1.88,1.52,1.16,1.14,1.12,13,0,1322
77,CRDA1201,RICER048,1,1,2012-09-27,119,76,19,3,3.08,1817,2446,0,741,0,4263,0,0,0,1677,0,0,0,0,0,0,0,169.3,0,0,1,1.91,1.55,1.19,1.17,1.15,15,0,1339
78,CRDA1201,RICER048,1,1,2012-09-28,120,77,19,3,3.1,1837,2565,0,759,0,4402,0,0,0,1675,0,0,0,0,0,0,0,168.6,0,0,1,1.94,1.58,1.22,1.21,1.19,18,0,1357
79,CRDA1201,RICER048,1,1,2012-09-29,121,78,19,4,3.05,1836,2709,0,776,0,4545,0,0,0,1052,0,0,0,0,0,0,0,166.1,0,0,1,1.97,1.61,1.25,1.24,1.22,23,0,1374
80,CRDA1201,RICER048,1,1,2012-09-30,122,79,19,4,3,1835,2846,0,793,0,4681,0,0,0,1044,0,0,0,0,0,0,0,163.6,0,0,1,1.99,1.64,1.29,1.27,1.25,28,0,1391
81,CRDA1201,RICER048,1,1,2012-10-01,123,80,19,4,2.95,1834,2989,0,810,0,4823,0,0,0,1035,0,0,0,0,0,0,0,161.1,0,0,1,2.02,1.67,1.31,1.3,1.28,35,0,1408
82,CRDA1201,RICER048,1,1,2012-10-02,124,81,19,4,2.91,1833,3136,0,828,0,4969,0,0,0,1026,0,0,0,0,0,0,0,158.5,0,0,1,2.04,1.69,1.34,1.33,1.31,42,0,1425
83,CRDA1201,RICER048,1,1,2012-10-03,125,82,19,4,2.86,1831,3267,0,843,0,5098,0,0,0,1016,0,0,0,0,0,0,0,156,0,0,1,2.07,1.72,1.38,1.36,1.34,52,0,1442
84,CRDA1201,RICER048,1,1,2012-10-04,126,83,19,4,2.81,1830,3391,0,856,0,5222,0,0,0,1005,0,0,0,0,0,0,0,153.5,0,0,1,2.1,1.75,1.4,1.39,1.37,62,0,1459
85,CRDA1201,RICER048,1,1,2012-10-05,127,84,19,4,2.76,1829,3536,0,873,0,5365,0,0,0,994,0,0,0,0,0,0,0,150.9,0,0,1,2.12,1.77,1.43,1.41,1.39,73,0,1476
86,CRDA1201,RICER048,1,1,2012-10-06,128,85,19,5,2.71,1828,1332,1537,881,2353,5512,6402,36.8,0.279,662,0,0,0,0,0,0,65.3,148.4,0,0,1,2.14,1.8,1.46,1.44,1.42,86,0,1494
87,CRDA1201,RICER048,1,1,2012-10-07,129,86,19,5,2.66,1827,1395,1615,888,2432,5654,6730,36.1,0.286,662,0,0,0,0,0,0,66.43,145.8,0,0,1,2.16,1.81,1.47,1.46,1.44,100,0,1512
88,CRDA1201,RICER048,1,1,2012-10-08,130,87,19,5,2.62,1825,1455,1691,894,2508,5788,7046,35.6,0.292,662,0,0,0,0,0,0,67.44,143.3,0,0,1,2.17,1.83,1.49,1.47,1.45,115,0,1529
89,CRDA1201,RICER048,1,1,2012-10-09,131,88,19,5,2.57,1824,1514,1765,900,2582,5920,7355,35.1,0.298,662,0,0,0,0,0,0,68.38,140.7,0,0,1,2.18,1.84,1.5,1.49,1.47,131,0,1546
90,CRDA1201,RICER048,1,1,2012-10-10,132,89,19,5,2.52,1823,1564,1838,904,2654,6041,7657,34.7,0.304,662,0,0,0,0,0,0,69.24,138.2,0,0,1,2.19,1.85,1.52,1.5,1.48,148,0,1563
91,CRDA1201,RICER048,1,1,2012-10-11,133,90,19,5,2.47,1822,1630,1909,911,2725,6177,7954,34.3,0.309,662,0,0,0,0,0,0,70.04,135.6,0,0,1,2.2,1.86,1.53,1.52,1.5,167,0,1580
92,CRDA1201,RICER048,1,1,2012-10-12,134,91,19,5,2.42,1821,1680,1980,915,2797,6298,8252,33.9,0.314,662,0,0,0,0,0,0,70.81,133.1,0,0,1,2.21,1.88,1.55,1.53,1.51,187,0,1597
93,CRDA1201,RICER048,1,1,2012-10-13,135,92,19,5,2.37,1819,1746,2051,921,2867,6433,8544,33.6,0.319,662,0,0,0,0,0,0,71.52,130.5,0,0,1,2.22,1.89,1.56,1.54,1.52,208,0,1614
94,CRDA1201,RICER048,1,1,2012-10-14,136,93,19,5,2.33,1818,1810,2119,926,2936,6564,8830,33.2,0.323,662,0,0,0,0,0,0,72.19,127.9,0,0,1,2.23,1.9,1.57,1.56,1.54,230,0,1631
95,CRDA1201,RICER048,1,1,2012-10-15,137,94,19,5,2.28,1817,1879,2187,932,3003,6699,9111,33,0.326,662,0,0,0,0,0,0,72.81,125.4,0,0,1,2.24,1.91,1.59,1.57,1.55,254,0,1648
96,CRDA1201,RICER048,1,1,2012-10-16,138,95,19,5,2.23,1816,1939,2254,937,3070,6826,9391,32.7,0.33,662,0,0,0,0,0,0,73.41,122.8,0,0,1,2.25,1.93,1.6,1.58,1.56,279,0,1666
97,CRDA1201,RICER048,1,1,2012-10-17,139,96,19,5,2.18,1815,1988,2320,941,3136,6939,9665,32.4,0.334,662,0,0,0,0,0,0,73.97,120.2,0,0,1,2.26,1.94,1.61,1.6,1.58,305,0,1683
98,CRDA1201,RICER048,1,1,2012-10-18,140,97,19,5,2.13,1813,2027,2385,943,3202,7043,9939,32.2,0.339,662,0,0,0,0,0,0,74.5,117.6,0,0,1,2.27,1.95,1.62,1.61,1.59,332,0,1701
99,CRDA1201,RICER048,1,1,2012-10-19,141,98,19,5,2.08,1812,2079,2448,946,3265,7156,10202,32,0.342,662,0,0,0,0,0,0,74.99,115,0,0,1,2.27,1.95,1.63,1.62,1.6,360,0,1718
100,CRDA1201,RICER048,1,1,2012-10-20,142,99,19,5,2.04,1811,2107,2510,947,3327,7244,10460,31.8,0.347,662,0,0,0,0,0,0,75.46,112.5,0,0,1,2.28,1.96,1.64,1.63,1.61,390,0,1735
101,CRDA1201,RICER048,1,1,2012-10-21,143,100,19,5,1.99,1810,2160,2569,950,3386,7355,10706,31.6,0.349,662,0,0,0,0,0,0,75.89,109.9,0,0,1,2.28,1.97,1.65,1.63,1.61,420,0,1752
102,CRDA1201,RICER048,1,1,2012-10-22,144,101,19,5,1.97,1809,2185,2628,949,3444,7439,10950,31.5,0.353,662,0,0,0,0,0,0,76.3,109.1,0,0,1,2.29,1.97,1.66,1.64,1.62,451,0,1769
103,CRDA1201,RICER048,1,1,2012-10-23,145,102,19,5,1.96,1809,2222,2688,951,3504,7535,11199,31.3,0.357,662,0,0,0,0,0,0,76.7,108.3,0,0,1,2.29,1.98,1.66,1.65,1.63,483,0,1787
104,CRDA1201,RICER048,1,1,2012-10-24,146,103,19,5,1.94,1809,2274,2746,953,3563,7645,11443,31.1,0.359,662,0,0,0,0,0,0,77.08,107.4,0,0,1,2.3,1.98,1.67,1.66,1.64,515,0,1805
105,CRDA1201,RICER048,1,1,2012-10-25,147,104,19,5,1.93,1808,2320,2805,955,3621,7750,11687,31,0.362,662,0,0,0,0,0,0,77.45,106.6,0,0,1,2.3,1.99,1.68,1.67,1.65,547,0,1823
106,CRDA1201,RICER048,1,1,2012-10-26,148,105,19,5,1.91,1808,2369,2861,958,3678,7855,11922,30.8,0.364,662,0,0,0,0,0,0,77.8,105.7,0,0,1,2.3,2,1.69,1.67,1.66,580,0,1840
107,CRDA1201,RICER048,1,1,2012-10-27,149,106,19,5,1.89,1807,2415,2915,959,3732,7955,12148,30.7,0.367,662,0,0,0,0,0,0,78.12,104.8,0,0,1,2.3,2.01,1.7,1.68,1.67,613,0,1857
108,CRDA1201,RICER048,1,1,2012-10-28,150,107,19,5,1.88,1807,2457,2969,960,3786,8050,12373,30.6,0.369,662,0,0.161,0,0,0,0,78.43,103.9,0,0,1,2.31,2.01,1.71,1.69,1.67,646,0,1874
109,CRDA1201,RICER048,1,1,2012-10-29,151,108,19,5,1.86,1807,2492,3023,961,3840,8138,12597,30.5,0.372,662,0,0.174,0,0,0,0,78.74,103,0,0,1,2.31,2.02,1.71,1.7,1.68,680,0,1892
110,CRDA1201,RICER048,1,1,2012-10-30,152,109,19,5,1.84,1806,2524,3063,961,3879,8209,12761,30.4,0.373,662,0.257,0.505,0,0,0,0,78.95,101.7,0,0,1,2.32,2.02,1.72,1.7,1.69,715,0,1910
111,CRDA1201,RICER048,1,1,2012-10-31,153,110,19,5,1.82,1806,2568,3114,962,3930,8304,12973,30.3,0.375,662,0,0.042,0,0,0,0,79.23,100.7,0,0,1,2.32,2.03,1.72,1.71,1.69,750,0,1927
112,CRDA1201,RICER048,1,1,2012-11-01,154,111,19,5,1.8,1805,2608,3161,963,3978,8390,13172,30.2,0.377,662,0.061,0.374,0,0,0,0,79.47,99.8,0,0,1,2.33,2.03,1.73,1.72,1.7,785,0,1944
113,CRDA1201,RICER048,1,1,2012-11-02,155,112,19,5,1.78,1804,2639,3199,963,4016,8459,13330,30.1,0.378,662,0.25,0.5,0,0,0,0,79.67,98.5,0,0,1,2.32,2.04,1.73,1.72,1.7,821,0,1962
114,CRDA1201,RICER048,1,1,2012-11-03,156,113,19,5,1.72,1803,2652,3216,959,4032,8487,13398,30.1,0.379,662,0.672,0.781,0,0,0,0,79.75,95.3,0,0,1,2.31,2.05,1.74,1.73,1.71,859,0,1980
115,CRDA1201,RICER048,1,1,2012-11-04,157,114,19,5,1.66,1802,2662,3232,955,4048,8512,13466,30.1,0.38,662,0.669,0.779,0,0,0,0,79.83,92.2,0,0,1,2.3,2.04,1.73,1.73,1.71,898,0,1997
116,CRDA1201,RICER048,1,1,2012-11-05,158,115,19,5,1.61,1800,2670,3249,950,4065,8535,13536,30,0.381,662,0.655,0.77,0,0,0,0,79.92,89.2,0,0,1,2.29,2.04,1.73,1.72,1.71,938,0,2014
117,CRDA1201,RICER048,1,1,2012-11-06,159,116,19,5,1.55,1799,2677,3263,945,4079,8555,13596,30,0.381,662,0.698,0.799,0,0,0,0,79.99,86.2,0,0,1,2.27,2.04,1.73,1.72,1.71,980,0,2031
118,CRDA1201,RICER048,1,1,2012-11-07,160,117,19,5,1.49,1797,2683,3274,940,4091,8571,13642,30,0.382,662,0.772,0.848,0,0,0,0,80.04,82.9,0,0,1,2.26,2.03,1.73,1.72,1.7,1023,0,2048
119,CRDA1201,RICER048,1,1,2012-11-08,161,118,19,5,1.43,1796,2688,3286,934,4102,8586,13691,30,0.383,662,0.757,0.838,0,0,0,0,80.1,79.9,0,0,1,2.25,2.02,1.72,1.72,1.7,1067,0,2065
120,CRDA1201,RICER048,1,1,2012-11-09,162,119,19,5,1.38,1794,2693,3296,928,4112,8600,13733,29.9,0.383,662,0.782,0.855,0,0,0,0,80.15,76.8,0,0,1,2.24,2.02,1.72,1.71,1.7,1113,0,2082
121,CRDA1201,RICER048,1,1,2012-11-10,163,120,19,5,1.32,1793,2696,3306,921,4123,8612,13776,29.9,0.384,662,0.79,0.86,0,0,0,0,80.2,73.8,0,0,1,2.23,2.01,1.71,1.71,1.69,1161,0,2100
122,CRDA1201,RICER048,1,1,2012-11-11,164,121,19,5,1.29,1792,2694,3327,915,4144,8629,13864,29.9,0.386,662,0.555,0.703,0,0,0,0,80.3,71.8,0,0,1,2.23,2,1.71,1.7,1.69,1209,0,2117
123,CRDA1201,RICER048,1,1,2012-11-12,165,122,19,5,1.24,1792,2694,3342,910,4158,8643,13923,29.9,0.387,662,0.771,0.847,0,0,0,0,80.36,69.1,0,0,1,2.22,1.99,1.7,1.7,1.68,1258,0,2134
124,CRDA1201,RICER048,1,1,2012-11-13,166,123,19,6,1.24,1792,2694,3342,910,4158,8643,13923,29.9,0.387,662,0.81,0.873,0,0,0,0,80.36,69.1,0,0,1,2.21,1.98,1.7,1.69,1.68,1258,0,2152
125,CRDA1201,RICER048,1,1,2012-11-14,167,124,19,20,1.24,1792,2694,3342,910,4158,8643,13923,29.9,0.387,662,0.781,0.854,0,0,0,0,80.36,69.1,0,0,1,2.2,1.97,1.69,1.69,1.67,1258,0,2152
126,CRDA1201,RICER048,1,1,2012-11-15,168,125,19,20,1.24,1792,2694,3342,910,4158,8643,13923,29.9,0.387,662,0.811,0.874,0,0,0,0,80.36,69.1,0,0,1,2.19,1.96,1.69,1.68,1.67,1258,0,2169
