,EXPERIMENT,MODEL,RUN,TRNO,DATE,DAS,SRAA,TMAXA,TMINA,REFA,EOAA,EOPA,EOSA,ETAA,EPAA,ESAA,EFAA,EMAA,EOAC,ETAC,EPAC,ESAC,EFAC,EMAC,KCAA,KBSA,KEAA,ES1D,ES2D,ES3D,ES4D,ES5D,ES6D,TRWUD,TWUPD
1,CRDA1201,RICER048,1,1,2012-06-01,1,16.2,36.3,22.6,NA,5.156,0,5.156,2.689,0,2.689,0,0,5.16,2.69,0,2.69,0,0,NA,NA,NA,0.772,0.507,0.174,0.574,0.369,0.294,0,0
2,CRDA1201,RICER048,1,1,2012-06-02,2,24.1,37.3,24.3,NA,8.318,0,8.318,2.589,0,2.589,0,0,13.47,5.28,0,5.28,0,0,NA,NA,NA,0.702,0.491,0.169,0.568,0.367,0.292,0,0
3,CRDA1201,RICER048,1,1,2012-06-03,3,23.3,38.2,24.8,NA,8.271,0,8.271,0.436,0,0.436,0,0,21.75,5.71,0,5.71,0,0,NA,NA,NA,0.367,0.045,0.008,0.011,0.003,0.002,0,0
4,CRDA1201,RICER048,1,1,2012-06-04,4,22.7,37.4,26.3,NA,7.778,0,7.778,0.405,0,0.405,0,0,29.52,6.12,0,6.12,0,0,NA,NA,NA,0.336,0.045,0.008,0.011,0.003,0.002,0,0
5,CRDA1201,RICER048,1,1,2012-06-05,5,23.3,39.4,24.9,NA,8.686,0,8.686,0.377,0,0.377,0,0,38.21,6.5,0,6.5,0,0,NA,NA,NA,0.308,0.045,0.008,0.011,0.003,0.002,0,0
6,CRDA1201,RICER048,1,1,2012-06-06,6,23.4,38.8,25.8,NA,8.488,0,8.488,0.351,0,0.351,0,0,46.7,6.85,0,6.85,0,0,NA,NA,NA,0.283,0.045,0.008,0.011,0.003,0.002,0,0
7,CRDA1201,RICER048,1,1,2012-06-07,7,24.3,39.5,26.7,NA,9.13,0,9.13,0.348,0,0.348,0,0,55.83,7.2,0,7.2,0,0,NA,NA,NA,0.28,0.044,0.008,0.011,0.003,0.002,0,0
8,CRDA1201,RICER048,1,1,2012-06-08,8,22.1,39.5,26.8,NA,8.334,0,8.334,0.345,0,0.345,0,0,64.16,7.54,0,7.54,0,0,NA,NA,NA,0.278,0.044,0.008,0.011,0.003,0.002,0,0
9,CRDA1201,RICER048,1,1,2012-06-09,9,21.1,37.7,27.9,NA,7.313,0,7.313,0.322,0,0.322,0,0,71.47,7.86,0,7.86,0,0,NA,NA,NA,0.255,0.044,0.008,0.011,0.003,0.002,0,0
10,CRDA1201,RICER048,1,1,2012-06-10,10,22.1,38,28,NA,7.752,0,7.752,2.444,0,2.444,0,0,79.23,10.31,0,10.31,0,0,NA,NA,NA,0.593,0.474,0.166,0.559,0.362,0.29,0,0
11,CRDA1201,RICER048,1,1,2012-06-11,11,24.2,38.4,21.6,NA,8.595,0,8.595,2.503,0,2.503,0,0,87.82,12.81,0,12.81,0,0,NA,NA,NA,0.666,0.478,0.164,0.552,0.356,0.287,0,0
12,CRDA1201,RICER048,1,1,2012-06-12,12,25,38.7,25.4,NA,9.101,0,9.101,0.416,0,0.416,0,0,96.92,13.23,0,13.23,0,0,NA,NA,NA,0.348,0.045,0.007,0.011,0.003,0.002,0,0
13,CRDA1201,RICER048,1,1,2012-06-13,13,23.7,39.4,28.4,NA,9.049,0,9.049,0.387,0,0.387,0,0,105.97,13.61,0,13.61,0,0,NA,NA,NA,0.319,0.044,0.007,0.011,0.003,0.002,0,0
14,CRDA1201,RICER048,1,1,2012-06-14,14,23.9,39.8,27.4,NA,9.199,0,9.199,0.36,0,0.36,0,0,115.17,13.97,0,13.97,0,0,NA,NA,NA,0.293,0.044,0.007,0.011,0.003,0.002,0,0
15,CRDA1201,RICER048,1,1,2012-06-15,15,25.1,39.9,25.5,NA,9.551,0,9.551,0.335,0,0.335,0,0,124.72,14.31,0,14.31,0,0,NA,NA,NA,0.269,0.044,0.007,0.011,0.003,0.002,0,0
16,CRDA1201,RICER048,1,1,2012-06-16,16,24,40.6,26.2,NA,9.439,0,9.439,0.313,0,0.313,0,0,134.16,14.62,0,14.62,0,0,NA,NA,NA,0.246,0.044,0.007,0.011,0.003,0.002,0,0
17,CRDA1201,RICER048,1,1,2012-06-17,17,24.2,39.8,28,NA,9.244,0,9.244,0.292,0,0.292,0,0,143.4,14.91,0,14.91,0,0,NA,NA,NA,0.226,0.043,0.007,0.011,0.003,0.002,0,0
18,CRDA1201,RICER048,1,1,2012-06-18,18,21.4,40.4,25.4,NA,8.242,0,8.242,0.273,0,0.273,0,0,151.65,15.19,0,15.19,0,0,NA,NA,NA,0.207,0.043,0.007,0.011,0.003,0.002,0,0
19,CRDA1201,RICER048,1,1,2012-06-19,19,24.4,40.9,26.7,NA,9.664,0,9.664,0.256,0,0.256,0,0,161.31,15.44,0,15.44,0,0,NA,NA,NA,0.19,0.043,0.007,0.011,0.003,0.002,0,0
20,CRDA1201,RICER048,1,1,2012-06-20,20,23.4,40.5,28.2,NA,9.161,0,9.161,0.24,0,0.24,0,0,170.47,15.68,0,15.68,0,0,NA,NA,NA,0.174,0.043,0.007,0.011,0.003,0.002,0,0
21,CRDA1201,RICER048,1,1,2012-06-21,21,18.7,39.4,26.3,NA,6.857,0,6.857,0.225,0,0.225,0,0,177.33,15.91,0,15.91,0,0,NA,NA,NA,0.16,0.043,0.007,0.011,0.003,0.002,0,0
22,CRDA1201,RICER048,1,1,2012-06-22,22,24.5,40.2,24.6,NA,9.205,0,9.205,0.212,0,0.212,0,0,186.53,16.12,0,16.12,0,0,NA,NA,NA,0.147,0.042,0.007,0.011,0.003,0.002,0,0
23,CRDA1201,RICER048,1,1,2012-06-23,23,20.9,39.8,27.3,NA,7.824,0,7.824,0.199,0,0.199,0,0,194.36,16.32,0,16.32,0,0,NA,NA,NA,0.134,0.042,0.007,0.011,0.003,0.002,0,0
24,CRDA1201,RICER048,1,1,2012-06-24,24,22.2,40.5,28.9,NA,8.652,0,8.652,0.188,0,0.188,0,0,203.01,16.51,0,16.51,0,0,NA,NA,NA,0.123,0.042,0.007,0.011,0.003,0.002,0,0
25,CRDA1201,RICER048,1,1,2012-06-25,25,21.6,39,27.3,NA,7.756,0,7.756,0.178,0,0.178,0,0,210.76,16.68,0,16.68,0,0,NA,NA,NA,0.113,0.042,0.007,0.011,0.003,0.002,0,0
26,CRDA1201,RICER048,1,1,2012-06-26,26,22.3,39.8,27.8,NA,8.329,0,8.329,0.168,0,0.168,0,0,219.09,16.85,0,16.85,0,0,NA,NA,NA,0.104,0.041,0.007,0.011,0.003,0.002,0,0
27,CRDA1201,RICER048,1,1,2012-06-27,27,21.7,39.6,26.5,NA,7.952,0,7.952,0.159,0,0.159,0,0,227.05,17.01,0,17.01,0,0,NA,NA,NA,0.095,0.041,0.007,0.011,0.003,0.002,0,0
28,CRDA1201,RICER048,1,1,2012-06-28,28,23.8,40.3,25.3,NA,8.93,0,8.93,3.071,0,3.071,0,0,235.98,20.08,0,20.08,0,0,NA,NA,NA,0.841,0.72,0.259,0.591,0.369,0.292,0,0
29,CRDA1201,RICER048,1,1,2012-06-29,29,21.5,36.8,21.3,NA,7.355,0,7.355,4.304,0,4.304,0,0,243.33,24.38,0,24.38,0,0,NA,NA,NA,1.48,1.029,0.359,0.702,0.418,0.316,0,0
30,CRDA1201,RICER048,1,1,2012-06-30,30,14.5,32.6,21.1,NA,4.385,0,4.385,3.689,0,3.689,0,0,247.72,28.07,0,28.07,0,0,NA,NA,NA,1.049,0.773,0.354,0.719,0.452,0.342,0,0
31,CRDA1201,RICER048,1,1,2012-07-01,31,15.8,33.2,26.2,NA,4.846,0,4.846,3.267,0,3.267,0,0,252.56,31.34,0,31.34,0,0,NA,NA,NA,0.883,0.627,0.295,0.673,0.441,0.349,0,0
32,CRDA1201,RICER048,1,1,2012-07-02,32,23.4,34.8,23.5,NA,7.062,0,7.062,3.087,0,3.087,0,0,259.62,34.43,0,34.43,0,0,NA,NA,NA,0.852,0.582,0.253,0.64,0.42,0.34,0,0
33,CRDA1201,RICER048,1,1,2012-07-03,33,15.1,33.9,23.8,NA,4.523,0,4.523,2.857,0,2.857,0,0,264.15,37.29,0,37.29,0,0,NA,NA,NA,0.802,0.524,0.208,0.601,0.397,0.325,0,0
34,CRDA1201,RICER048,1,1,2012-07-04,34,23.4,36.8,25.4,NA,7.853,0,7.853,2.594,0,2.594,0,0,272,39.88,0,39.88,0,0,NA,NA,NA,0.678,0.492,0.176,0.572,0.374,0.304,0,0
35,CRDA1201,RICER048,1,1,2012-07-05,35,24.8,37.6,27.3,NA,8.658,0,8.658,2.448,0,2.448,0,0,280.66,42.33,0,42.33,0,0,NA,NA,NA,0.59,0.467,0.163,0.56,0.368,0.3,0,0
36,CRDA1201,RICER048,1,1,2012-07-06,36,18.6,35.3,26.8,NA,5.694,0,5.694,2.323,0,2.323,0,0,286.35,44.65,0,44.65,0,0,NA,NA,NA,0.513,0.444,0.157,0.548,0.363,0.297,0,0
37,CRDA1201,RICER048,1,1,2012-07-07,37,21,36.4,25.9,NA,6.733,0,6.733,2.208,0,2.208,0,0,293.08,46.86,0,46.86,0,0,NA,NA,NA,0.447,0.422,0.152,0.536,0.358,0.293,0,0
38,CRDA1201,RICER048,1,1,2012-07-08,38,22.5,36.9,25.6,NA,7.347,0,7.347,0.271,0,0.271,0,0,300.43,47.13,0,47.13,0,0,NA,NA,NA,0.213,0.036,0.006,0.01,0.003,0.002,0,0
39,CRDA1201,RICER048,1,1,2012-07-09,39,23.9,37.3,25.3,NA,7.928,0,7.928,0.255,0,0.255,0,0,308.36,47.38,0,47.38,0,0,NA,NA,NA,0.198,0.036,0.006,0.01,0.003,0.002,0,0
40,CRDA1201,RICER048,1,1,2012-07-10,40,21.8,38,27,NA,7.553,0,7.553,0.241,0,0.241,0,0,315.91,47.63,0,47.63,0,0,NA,NA,NA,0.184,0.036,0.006,0.01,0.003,0.002,0,0
41,CRDA1201,RICER048,1,1,2012-07-11,41,24.5,39.4,27,NA,9.062,0,9.062,0.228,0,0.228,0,0,324.97,47.85,0,47.85,0,0,NA,NA,NA,0.171,0.036,0.006,0.01,0.003,0.002,0,0
42,CRDA1201,RICER048,1,1,2012-07-12,42,17.2,36.9,27.5,NA,5.628,0,5.628,0.215,0,0.215,0,0,330.6,48.07,0,48.07,0,0,NA,NA,NA,0.159,0.036,0.006,0.01,0.003,0.002,0,0
43,CRDA1201,RICER048,1,1,2012-07-13,43,14,34.6,27.8,NA,4.123,0,4.123,0.204,0,0.204,0,0,334.72,48.27,0,48.27,0,0,NA,NA,NA,0.147,0.035,0.006,0.01,0.003,0.002,0,0
44,CRDA1201,RICER048,1,1,2012-07-14,44,18.8,37.5,26.8,NA,6.289,0,6.289,0.193,0,0.193,0,0,341.01,48.47,0,48.47,0,0,NA,NA,NA,0.137,0.035,0.006,0.01,0.003,0.002,0,0
45,CRDA1201,RICER048,1,1,2012-07-15,45,21.6,37.9,26.7,NA,7.353,0,7.353,3.066,0,3.066,0,0,348.37,51.53,0,51.53,0,0,NA,NA,NA,0.971,0.639,0.232,0.565,0.364,0.294,0,0
46,CRDA1201,RICER048,1,1,2012-07-16,46,15.9,32.1,21.4,NA,4.793,0,4.793,3.169,0,3.169,0,0,353.16,54.7,0,54.7,0,0,NA,NA,NA,1.046,0.646,0.225,0.582,0.374,0.296,0,0
47,CRDA1201,RICER048,1,1,2012-07-17,47,23.4,33.6,25.1,NA,7.15,0,7.15,2.691,0,2.691,0,0,360.31,57.39,0,57.39,0,0,NA,NA,NA,0.741,0.535,0.184,0.569,0.369,0.293,0,0
48,CRDA1201,RICER048,1,1,2012-07-18,48,24.8,35.1,24.6,NA,7.503,0,7.503,3.312,0,3.312,0,0,367.81,60.7,0,60.7,0,0,NA,NA,NA,1.103,0.693,0.253,0.592,0.375,0.296,0,0
49,CRDA1201,RICER048,1,1,2012-07-19,49,17.8,33.1,21.8,NA,5.438,0,5.438,3.066,0,3.066,0,0,373.25,63.77,0,63.77,0,0,NA,NA,NA,0.95,0.629,0.227,0.589,0.372,0.3,0,0
50,CRDA1201,RICER048,1,1,2012-07-20,50,24.5,34.1,25,NA,7.459,0,7.459,2.658,0,2.658,0,0,380.71,66.43,0,66.43,0,0,NA,NA,NA,0.706,0.527,0.186,0.576,0.367,0.296,0,0
51,CRDA1201,RICER048,1,1,2012-07-21,51,22.5,35.2,26.4,NA,6.907,0,6.907,2.49,0,2.49,0,0,387.62,68.92,0,68.92,0,0,NA,NA,NA,0.609,0.489,0.17,0.567,0.362,0.293,0,0
52,CRDA1201,RICER048,1,1,2012-07-22,52,17.8,34.6,25.5,NA,5.305,0,5.305,2.358,0,2.358,0,0,392.92,71.28,0,71.28,0,0,NA,NA,NA,0.526,0.464,0.164,0.558,0.358,0.289,0,0
53,CRDA1201,RICER048,1,1,2012-07-23,53,19.6,34.4,24.2,NA,5.737,0,5.737,0.341,0,0.341,0,0,398.66,71.62,0,71.62,0,0,NA,NA,NA,0.275,0.043,0.007,0.011,0.003,0.002,0,0
54,CRDA1201,RICER048,1,1,2012-07-24,54,23.8,36.5,25.7,NA,7.645,0,7.645,0.318,0,0.318,0,0,406.3,71.94,0,71.94,0,0,NA,NA,NA,0.252,0.043,0.007,0.011,0.003,0.002,0,0
55,CRDA1201,RICER048,1,1,2012-07-25,55,19.2,35.2,26.7,NA,5.769,0,5.769,0.297,0,0.297,0,0,412.07,72.23,0,72.23,0,0,NA,NA,NA,0.231,0.042,0.007,0.011,0.003,0.002,0,0
56,CRDA1201,RICER048,1,1,2012-07-26,56,25,39.5,25.1,NA,9.223,0,9.223,0.277,0,0.277,0,0,421.3,72.51,0,72.51,0,0,NA,NA,NA,0.212,0.042,0.007,0.011,0.003,0.002,0,0
57,CRDA1201,RICER048,1,1,2012-07-27,57,24.9,39.1,25.9,NA,9.032,0,9.032,0.259,0,0.259,0,0,430.33,72.77,0,72.77,0,0,NA,NA,NA,0.194,0.042,0.007,0.011,0.003,0.002,0,0
58,CRDA1201,RICER048,1,1,2012-07-28,58,22,36.4,26.5,NA,6.978,0,6.978,0.396,0,0.396,0,0,437.3,73.16,0,73.16,0,0,NA,NA,NA,0.329,0.045,0.007,0.011,0.003,0.002,0,0
59,CRDA1201,RICER048,1,1,2012-07-29,59,9.4,29.9,20.8,NA,2.64,0,2.64,2.64,0,2.64,0,0,439.94,75.81,0,75.81,0,0,NA,NA,NA,0.934,0.517,0.183,0.47,0.297,0.238,0,0
60,CRDA1201,RICER048,1,1,2012-07-30,60,25.6,35.5,24.3,NA,8.338,0,8.338,2.984,0,2.984,0,0,448.28,78.79,0,78.79,0,0,NA,NA,NA,0.942,0.589,0.209,0.58,0.37,0.294,0,0
61,CRDA1201,RICER048,1,1,2012-07-31,61,21.9,34.7,24.2,NA,6.667,0,6.667,2.62,0,2.62,0,0,454.95,81.41,0,81.41,0,0,NA,NA,NA,0.703,0.512,0.179,0.569,0.365,0.292,0,0
62,CRDA1201,RICER048,1,1,2012-08-01,62,22.3,35.2,25.6,NA,6.808,0,6.808,2.469,0,2.469,0,0,461.76,83.88,0,83.88,0,0,NA,NA,NA,0.607,0.486,0.167,0.559,0.36,0.29,0,0
63,CRDA1201,RICER048,1,1,2012-08-02,63,19.9,35,25.9,NA,5.97,0,5.97,0.386,0,0.386,0,0,467.73,84.26,0,84.26,0,0,NA,NA,NA,0.317,0.045,0.008,0.011,0.003,0.002,0,0
64,CRDA1201,RICER048,1,1,2012-08-03,64,15.2,33.5,24.6,NA,4.433,0,4.433,0.359,0,0.359,0,0,472.16,84.62,0,84.62,0,0,NA,NA,NA,0.291,0.045,0.008,0.011,0.003,0.002,0,0
65,CRDA1201,RICER048,1,1,2012-08-04,65,14.8,34.6,24.9,NA,4.355,0,4.355,3.378,0,3.378,0,0,476.52,88,0,88,0,0,NA,NA,NA,0.989,0.766,0.262,0.657,0.397,0.306,0,0
66,CRDA1201,RICER048,1,1,2012-08-05,66,13.5,30.8,23.3,NA,4.068,0,4.068,3.223,0,3.223,0,0,480.58,91.22,0,91.22,0,0,NA,NA,NA,0.939,0.704,0.24,0.643,0.392,0.305,0,0
67,CRDA1201,RICER048,1,1,2012-08-06,67,17.5,32.9,24.3,NA,5.233,0,5.233,2.717,0,2.717,0,0,485.82,93.94,0,93.94,0,0,NA,NA,NA,0.702,0.556,0.191,0.594,0.374,0.301,0,0
68,CRDA1201,RICER048,1,1,2012-08-07,68,22.2,34,25.4,NA,6.627,0,6.627,2.524,0,2.524,0,0,492.44,96.46,0,96.46,0,0,NA,NA,NA,0.606,0.5,0.172,0.58,0.368,0.298,0,0
69,CRDA1201,RICER048,1,1,2012-08-08,69,14.3,29.7,20.5,NA,3.91,0,3.91,2.943,0,2.943,0,0,496.35,99.41,0,99.41,0,0,NA,NA,NA,0.962,0.544,0.192,0.579,0.367,0.298,0,0
70,CRDA1201,RICER048,1,1,2012-08-09,70,25,33.8,23,NA,7.757,0,7.757,3.688,0,3.688,0,0,504.11,103.09,0,103.09,0,0,NA,NA,NA,1.403,0.721,0.273,0.608,0.38,0.304,0,0
71,CRDA1201,RICER048,1,1,2012-08-10,71,16.8,32.2,23.7,NA,5.152,0,5.152,3.024,0,3.024,0,0,509.26,106.12,0,106.12,0,0,NA,NA,NA,0.916,0.616,0.228,0.592,0.374,0.298,0,0
72,CRDA1201,RICER048,1,1,2012-08-11,72,19.7,34.7,24.5,NA,5.997,0,5.997,2.645,0,2.645,0,0,515.26,108.76,0,108.76,0,0,NA,NA,NA,0.695,0.522,0.186,0.579,0.368,0.295,0,0
73,CRDA1201,RICER048,1,1,2012-08-12,73,16.8,33.1,25.6,NA,4.97,0.026,4.96,3.142,0.026,3.117,0,0,520.23,111.91,0.03,111.88,0,0,NA,NA,NA,1.068,0.586,0.214,0.584,0.37,0.295,0.003,0.214
74,CRDA1201,RICER048,1,1,2012-08-13,74,13.4,30.6,22.8,NA,4.011,0.029,4,2.959,0.029,2.93,0,0,524.24,114.86,0.06,114.81,0,0,NA,NA,NA,0.934,0.547,0.195,0.588,0.371,0.295,0.003,0.264
75,CRDA1201,RICER048,1,1,2012-08-14,75,20.6,32.3,22.9,NA,6.053,0.058,6.03,2.66,0.058,2.602,0,0,530.29,117.53,0.11,117.41,0,0,NA,NA,NA,0.7,0.496,0.173,0.575,0.366,0.292,0.006,0.263
76,CRDA1201,RICER048,1,1,2012-08-15,76,20.9,32.6,23.5,NA,6.059,0.073,6.031,2.522,0.073,2.449,0,0,536.35,120.05,0.19,119.86,0,0,NA,NA,NA,0.601,0.469,0.167,0.562,0.36,0.29,0.007,0.162
77,CRDA1201,RICER048,1,1,2012-08-16,77,12,31.9,24.1,NA,3.437,0.051,3.417,0.487,0.051,0.437,0,0,539.79,120.53,0.24,120.3,0,0,NA,NA,NA,0.369,0.045,0.008,0.011,0.003,0.002,0.005,0.075
78,CRDA1201,RICER048,1,1,2012-08-17,78,10.3,29.3,22.5,NA,2.876,0.051,2.856,2.514,0.051,2.463,0,0,542.67,123.05,0.29,122.76,0,0,NA,NA,NA,0.639,0.472,0.161,0.55,0.355,0.287,0.005,0.214
79,CRDA1201,RICER048,1,1,2012-08-18,79,22.6,33.4,23.2,NA,6.551,0.136,6.498,3.315,0.136,3.179,0,0,549.22,126.36,0.42,125.94,0,0,NA,NA,NA,1.042,0.666,0.239,0.578,0.364,0.291,0.014,0.095
80,CRDA1201,RICER048,1,1,2012-08-19,80,19.5,33.4,23,NA,6.004,0.146,5.946,3.181,0.146,3.035,0,0,555.22,129.54,0.57,128.98,0,0,NA,NA,NA,0.934,0.626,0.224,0.584,0.373,0.295,0.015,0.265
81,CRDA1201,RICER048,1,1,2012-08-20,81,22.9,35.4,23.5,NA,7.079,0.199,7.001,2.836,0.199,2.637,0,0,562.3,132.38,0.77,131.61,0,0,NA,NA,NA,0.697,0.525,0.184,0.571,0.367,0.293,0.02,0.269
82,CRDA1201,RICER048,1,1,2012-08-21,82,18.2,36.2,24.8,NA,5.803,0.186,5.729,2.65,0.186,2.464,0,0,568.1,135.03,0.95,134.08,0,0,NA,NA,NA,0.59,0.492,0.169,0.561,0.362,0.29,0.019,0.214
83,CRDA1201,RICER048,1,1,2012-08-22,83,18.7,32.4,23.3,NA,5.336,0.193,5.259,3.159,0.193,2.967,0,0,573.44,138.19,1.15,137.04,0,0,NA,NA,NA,1.01,0.545,0.193,0.569,0.364,0.287,0.019,0.104
84,CRDA1201,RICER048,1,1,2012-08-23,84,20.1,33.4,22.6,NA,6.154,0.269,6.046,3.136,0.269,2.867,0,0,579.59,141.33,1.41,139.91,0,0,NA,NA,NA,0.928,0.526,0.185,0.573,0.366,0.289,0.027,0.282
85,CRDA1201,RICER048,1,1,2012-08-24,85,22.9,34.9,23.8,NA,6.906,0.336,6.772,3.133,0.336,2.797,0,0,586.5,144.46,1.75,142.71,0,0,NA,NA,NA,0.87,0.517,0.186,0.569,0.365,0.29,0.034,0.285
86,CRDA1201,RICER048,1,1,2012-08-25,86,22.4,35.8,24.5,NA,7.113,0.386,6.958,2.977,0.386,2.591,0,0,593.61,147.44,2.14,145.3,0,0,NA,NA,NA,0.705,0.491,0.173,0.568,0.364,0.29,0.039,0.289
87,CRDA1201,RICER048,1,1,2012-08-26,87,8.7,33.6,20.8,NA,2.484,0.06,2.424,2.484,0.06,2.424,0,0,596.1,149.92,2.2,147.72,0,0,NA,NA,NA,0.775,0.525,0.194,0.439,0.275,0.217,0.006,0.149
88,CRDA1201,RICER048,1,1,2012-08-27,88,20,32.1,21.3,NA,5.967,0.39,5.809,3.524,0.39,3.135,0,0,602.06,153.44,2.59,150.86,0,0,NA,NA,NA,0.95,0.671,0.241,0.596,0.375,0.302,0.039,0.299
89,CRDA1201,RICER048,1,1,2012-08-28,89,19.6,34.1,23.2,NA,5.829,0.424,5.657,3.991,0.424,3.567,0,0,607.89,157.43,3.01,154.42,0,0,NA,NA,NA,1.168,0.787,0.298,0.622,0.386,0.306,0.042,0.301
90,CRDA1201,RICER048,1,1,2012-08-29,90,21.9,34.6,24.4,NA,6.833,0.549,6.609,3.635,0.549,3.086,0,0,614.72,161.07,3.56,157.51,0,0,NA,NA,NA,0.92,0.647,0.239,0.601,0.378,0.3,0.055,0.308
91,CRDA1201,RICER048,1,1,2012-08-30,91,9.5,30.9,21.3,NA,2.683,0.096,2.586,2.682,0.096,2.586,0,0,617.41,163.75,3.65,160.1,0,0,NA,NA,NA,0.846,0.557,0.218,0.457,0.285,0.224,0.01,0.315
92,CRDA1201,RICER048,1,1,2012-08-31,92,20.7,32,21.3,NA,6.142,0.578,5.905,3.684,0.578,3.106,0,0,623.55,167.43,4.23,163.2,0,0,NA,NA,NA,0.945,0.643,0.241,0.6,0.378,0.3,0.058,0.323
93,CRDA1201,RICER048,1,1,2012-09-01,93,20.3,33.9,24.1,NA,6.031,0.624,5.773,3.289,0.624,2.665,0,0,629.58,170.72,4.86,165.87,0,0,NA,NA,NA,0.693,0.526,0.191,0.586,0.372,0.296,0.062,0.328
94,CRDA1201,RICER048,1,1,2012-09-02,94,7.4,28.2,20.9,NA,1.98,0.092,1.887,1.979,0.092,1.887,0,0,631.56,172.7,4.95,167.75,0,0,NA,NA,NA,0.589,0.351,0.13,0.381,0.243,0.193,0.009,0.238
95,CRDA1201,RICER048,1,1,2012-09-03,95,13.7,31.9,22.6,NA,4.069,0.485,3.867,3.421,0.485,2.936,0,0,635.63,176.12,5.43,170.69,0,0,NA,NA,NA,0.9,0.564,0.213,0.588,0.374,0.297,0.049,0.349
96,CRDA1201,RICER048,1,1,2012-09-04,96,22.5,34.1,22.8,NA,6.597,0.852,6.241,3.459,0.852,2.607,0,0,642.22,179.58,6.29,173.3,0,0,NA,NA,NA,0.68,0.498,0.181,0.581,0.371,0.296,0.085,0.355
97,CRDA1201,RICER048,1,1,2012-09-05,97,15.9,33.2,24.7,NA,4.584,0.647,4.312,3.037,0.647,2.391,0,0,646.81,182.62,6.93,175.69,0,0,NA,NA,NA,0.547,0.45,0.167,0.568,0.365,0.293,0.065,0.178
98,CRDA1201,RICER048,1,1,2012-09-06,98,19.8,34.1,22.7,NA,5.63,0.856,5.267,1.196,0.856,0.34,0,0,652.44,183.82,7.79,176.03,0,0,NA,NA,NA,0.276,0.04,0.007,0.011,0.003,0.002,0.086,0.11
99,CRDA1201,RICER048,1,1,2012-09-07,99,24.9,34,23.1,NA,7.053,1.153,6.561,1.327,1.017,0.31,0,0,659.49,185.14,8.81,176.34,0,0,NA,NA,NA,0.248,0.038,0.007,0.011,0.003,0.002,0.102,0.102
100,CRDA1201,RICER048,1,1,2012-09-08,100,9.9,31.9,23,NA,2.73,0.469,2.529,0.774,0.469,0.305,0,0,662.22,185.92,9.28,176.64,0,0,NA,NA,NA,0.245,0.037,0.007,0.011,0.003,0.002,0.047,0.097
101,CRDA1201,RICER048,1,1,2012-09-09,101,22.2,35,22.1,NA,6.294,1.143,5.801,1.346,1.043,0.303,0,0,668.52,187.26,10.32,176.95,0,0,NA,NA,NA,0.245,0.036,0.007,0.011,0.003,0.002,0.104,0.104
102,CRDA1201,RICER048,1,1,2012-09-10,102,22.8,35.2,22.6,NA,6.529,1.246,5.989,1.249,0.971,0.279,0,0,675.04,188.51,11.29,177.22,0,0,NA,NA,NA,0.221,0.035,0.007,0.011,0.003,0.002,0.097,0.097
103,CRDA1201,RICER048,1,1,2012-09-11,103,20.5,34.5,21.1,NA,5.697,1.12,5.21,4.193,0.979,3.213,0,0,680.74,192.7,12.27,180.44,0,0,NA,NA,NA,0.935,0.714,0.254,0.628,0.382,0.301,0.098,0.098
104,CRDA1201,RICER048,1,1,2012-09-12,104,23.3,33.4,22.3,NA,6.942,1.421,6.321,4.615,1.421,3.194,0,0,687.68,197.32,13.69,183.63,0,0,NA,NA,NA,0.941,0.702,0.239,0.627,0.384,0.3,0.142,0.479
105,CRDA1201,RICER048,1,1,2012-09-13,105,19.1,34.7,25.2,NA,5.658,1.269,5.096,4.058,1.269,2.788,0,0,693.34,201.38,14.96,186.42,0,0,NA,NA,NA,0.721,0.559,0.22,0.608,0.38,0.3,0.127,0.499
106,CRDA1201,RICER048,1,1,2012-09-14,106,20.4,34.2,21.8,NA,5.772,1.393,5.148,4.099,1.393,2.706,0,0,699.11,205.48,16.35,189.12,0,0,NA,NA,NA,0.717,0.517,0.202,0.592,0.378,0.301,0.139,0.437
107,CRDA1201,RICER048,1,1,2012-09-15,107,19.3,34.3,22.6,NA,5.556,1.454,4.898,4.596,1.454,3.142,0,0,704.67,210.07,17.81,192.27,0,0,NA,NA,NA,1.116,0.55,0.212,0.588,0.375,0.3,0.145,0.47
108,CRDA1201,RICER048,1,1,2012-09-16,108,10.9,31.2,22.5,NA,3.138,0.405,2.732,3.137,0.405,2.732,0,0,707.81,213.21,18.21,195,0,0,NA,NA,NA,1.064,0.502,0.196,0.455,0.287,0.228,0.041,0.557
109,CRDA1201,RICER048,1,1,2012-09-17,109,21.5,34.1,21.5,NA,6.319,1.879,5.447,5.407,1.879,3.528,0,0,714.12,218.62,20.09,198.53,0,0,NA,NA,NA,1.226,0.682,0.292,0.626,0.393,0.309,0.188,0.579
110,CRDA1201,RICER048,1,1,2012-09-18,110,17.6,30.8,21.5,NA,4.905,1.572,4.163,4.356,1.572,2.784,0,0,719.03,222.97,21.66,201.31,0,0,NA,NA,NA,0.777,0.533,0.21,0.59,0.376,0.3,0.157,0.595
111,CRDA1201,RICER048,1,1,2012-09-19,111,22.7,34.7,21.7,NA,6.39,2.201,5.336,4.706,2.201,2.505,0,0,725.42,227.68,23.86,203.82,0,0,NA,NA,NA,0.619,0.474,0.177,0.572,0.368,0.295,0.22,0.538
112,CRDA1201,RICER048,1,1,2012-09-20,112,24,35.6,23.8,NA,7.001,2.592,5.737,4.838,2.592,2.246,0,0,732.42,232.52,26.46,206.06,0,0,NA,NA,NA,0.471,0.412,0.164,0.552,0.358,0.289,0.259,0.315
113,CRDA1201,RICER048,1,1,2012-09-21,113,6,28.5,21.1,NA,1.539,0.299,1.239,1.537,0.299,1.238,0,0,733.96,234.05,26.75,207.3,0,0,NA,NA,NA,0.392,0.257,0.096,0.231,0.146,0.116,0.03,0.237
114,CRDA1201,RICER048,1,1,2012-09-22,114,21.2,34.1,22.7,NA,6.169,2.476,4.933,5.562,2.476,3.087,0,0,740.13,239.62,29.23,210.39,0,0,NA,NA,NA,0.971,0.642,0.227,0.585,0.371,0.291,0.248,0.717
115,CRDA1201,RICER048,1,1,2012-09-23,115,22.9,35.1,23.8,NA,6.592,2.797,5.17,5.399,2.797,2.602,0,0,746.72,245.02,32.03,212.99,0,0,NA,NA,NA,0.684,0.514,0.182,0.567,0.363,0.291,0.28,0.728
116,CRDA1201,RICER048,1,1,2012-09-24,116,19.4,35.2,24.6,NA,5.528,2.472,4.247,4.777,2.472,2.305,0,0,752.25,249.79,34.5,215.29,0,0,NA,NA,NA,0.509,0.437,0.167,0.549,0.355,0.287,0.247,0.454
117,CRDA1201,RICER048,1,1,2012-09-25,117,20.3,35.7,23.7,NA,5.859,2.734,4.42,5.227,2.734,2.493,0,0,758.11,255.02,37.23,217.79,0,0,NA,NA,NA,0.73,0.452,0.161,0.528,0.342,0.279,0.273,0.309
118,CRDA1201,RICER048,1,1,2012-09-26,118,23.6,35,22.2,NA,6.694,3.236,4.966,5.738,3.236,2.502,0,0,764.8,260.76,40.47,220.29,0,0,NA,NA,NA,0.751,0.479,0.161,0.517,0.326,0.268,0.324,0.602
119,CRDA1201,RICER048,1,1,2012-09-27,119,21.9,33.7,23.8,NA,6.017,3.053,4.351,3.07,2.69,0.379,0,0,770.82,263.83,43.16,220.67,0,0,NA,NA,NA,0.319,0.039,0.007,0.01,0.003,0.001,0.269,0.269
120,CRDA1201,RICER048,1,1,2012-09-28,120,20,35.5,24.9,NA,5.723,2.978,4.082,2.257,1.935,0.322,0,0,776.54,266.08,45.09,220.99,0,0,NA,NA,NA,0.266,0.036,0.007,0.01,0.003,0.001,0.193,0.193
121,CRDA1201,RICER048,1,1,2012-09-29,121,21.4,34.2,25.1,NA,5.899,3.071,4.202,4.212,1.606,2.606,0,0,782.44,270.3,46.7,223.6,0,0,NA,NA,NA,0.927,0.466,0.163,0.495,0.304,0.25,0.161,0.161
122,CRDA1201,RICER048,1,1,2012-09-30,122,14.5,32.3,20.7,NA,3.996,1.335,2.858,3.991,1.335,2.657,0,0,786.44,274.29,48.03,226.25,0,0,NA,NA,NA,0.911,0.506,0.171,0.529,0.297,0.243,0.133,0.673
123,CRDA1201,RICER048,1,1,2012-10-01,123,14.7,35.2,23.5,NA,4.166,1.779,2.915,4.164,1.779,2.384,0,0,790.6,278.45,49.81,228.64,0,0,NA,NA,NA,0.674,0.462,0.159,0.556,0.294,0.239,0.178,0.576
124,CRDA1201,RICER048,1,1,2012-10-02,124,18.2,34.1,23.9,NA,4.986,2.754,3.42,3.124,2.754,0.37,0,0,795.59,281.58,52.57,229.01,0,0,NA,NA,NA,0.307,0.042,0.007,0.011,0.003,0.001,0.275,0.334
125,CRDA1201,RICER048,1,1,2012-10-03,125,15.7,34.2,23.7,NA,4.272,2.427,2.872,2.407,2.085,0.321,0,0,799.86,283.98,54.65,229.33,0,0,NA,NA,NA,0.263,0.037,0.007,0.01,0.003,0.001,0.209,0.209
126,CRDA1201,RICER048,1,1,2012-10-04,126,23.1,37,22.5,NA,6.97,4.007,4.643,1.87,1.581,0.289,0,0,806.83,285.85,56.23,229.62,0,0,NA,NA,NA,0.234,0.035,0.006,0.01,0.003,0.001,0.158,0.158
127,CRDA1201,RICER048,1,1,2012-10-05,127,20.7,36.5,24.3,NA,6.147,3.511,4.113,1.578,1.314,0.264,0,0,812.98,287.43,57.55,229.88,0,0,NA,NA,NA,0.211,0.034,0.006,0.009,0.003,0.001,0.131,0.131
128,CRDA1201,RICER048,1,1,2012-10-06,128,13.8,34.2,23.8,NA,3.731,2.118,2.509,1.353,1.11,0.243,0,0,816.71,288.78,58.66,230.13,0,0,NA,NA,NA,0.191,0.033,0.006,0.009,0.003,0.001,0.111,0.112
129,CRDA1201,RICER048,1,1,2012-10-07,129,22.3,35.7,22.7,NA,6.263,3.519,4.244,1.205,0.98,0.226,0,0,822.97,289.99,59.64,230.35,0,0,NA,NA,NA,0.176,0.032,0.006,0.009,0.002,0.001,0.098,0.098
130,CRDA1201,RICER048,1,1,2012-10-08,130,21.8,39.6,24.3,NA,7.525,4.192,5.133,1.093,0.884,0.21,0,0,830.49,291.08,60.52,230.56,0,0,NA,NA,NA,0.161,0.031,0.006,0.009,0.002,0.001,0.088,0.088
131,CRDA1201,RICER048,1,1,2012-10-09,131,21.4,37,23.8,NA,6.472,3.568,4.446,0.997,0.801,0.196,0,0,836.97,292.08,61.32,230.76,0,0,NA,NA,NA,0.148,0.03,0.005,0.009,0.002,0.001,0.08,0.08
132,CRDA1201,RICER048,1,1,2012-10-10,132,21.3,37.2,24.3,NA,6.524,3.56,4.513,0.914,0.732,0.182,0,0,843.49,292.99,62.05,230.94,0,0,NA,NA,NA,0.135,0.029,0.005,0.009,0.002,0.001,0.073,0.073
133,CRDA1201,RICER048,1,1,2012-10-11,133,19,35.3,24.3,NA,5.258,2.836,3.664,0.845,0.674,0.17,0,0,848.75,293.84,62.73,231.11,0,0,NA,NA,NA,0.124,0.029,0.005,0.008,0.002,0.001,0.067,0.067
134,CRDA1201,RICER048,1,1,2012-10-12,134,21.4,37.4,24.2,NA,6.607,3.528,4.636,0.784,0.625,0.159,0,0,855.36,294.62,63.35,231.27,0,0,NA,NA,NA,0.114,0.028,0.005,0.008,0.002,0.001,0.063,0.063
135,CRDA1201,RICER048,1,1,2012-10-13,135,20.7,37.7,24.4,NA,6.493,3.427,4.59,0.733,0.584,0.149,0,0,861.85,295.35,63.94,231.42,0,0,NA,NA,NA,0.104,0.028,0.005,0.008,0.002,0.001,0.058,0.058
136,CRDA1201,RICER048,1,1,2012-10-14,136,22.4,37.3,22.3,NA,6.787,3.538,4.834,0.686,0.546,0.14,0,0,868.64,296.04,64.48,231.56,0,0,NA,NA,NA,0.096,0.027,0.005,0.008,0.002,0.001,0.055,0.055
137,CRDA1201,RICER048,1,1,2012-10-15,137,20.4,39.1,24.5,NA,6.851,3.524,4.916,0.645,0.514,0.131,0,0,875.49,296.69,65,231.69,0,0,NA,NA,NA,0.088,0.027,0.005,0.008,0.002,0.001,0.051,0.051
138,CRDA1201,RICER048,1,1,2012-10-16,138,21.8,39.4,21.5,NA,7.28,3.698,5.263,0.608,0.484,0.123,0,0,882.77,297.29,65.48,231.81,0,0,NA,NA,NA,0.081,0.027,0.005,0.008,0.002,0.001,0.048,0.048
139,CRDA1201,RICER048,1,1,2012-10-17,139,21.9,36.6,22.9,NA,6.415,3.214,4.672,0.574,0.458,0.116,0,0,889.18,297.87,65.94,231.93,0,0,NA,NA,NA,0.074,0.026,0.005,0.008,0.002,0.001,0.046,0.046
140,CRDA1201,RICER048,1,1,2012-10-18,140,20.3,36.9,23.8,NA,6.073,3,4.456,0.544,0.434,0.11,0,0,895.25,298.41,66.37,232.04,0,0,NA,NA,NA,0.068,0.026,0.005,0.008,0.002,0.001,0.043,0.043
141,CRDA1201,RICER048,1,1,2012-10-19,141,20,37.1,18.7,NA,5.839,2.843,4.316,2.822,0.413,2.409,0,0,901.09,301.23,66.79,234.45,0,0,NA,NA,NA,0.82,0.524,0.182,0.438,0.245,0.2,0.041,0.041
142,CRDA1201,RICER048,1,1,2012-10-20,142,22.1,37.7,22.3,NA,7.308,3.509,5.44,6.236,3.509,2.727,0,0.001,908.4,307.47,70.3,237.17,0,0,NA,NA,NA,0.948,0.592,0.2,0.521,0.268,0.197,0.351,0.7
143,CRDA1201,RICER048,1,1,2012-10-21,143,17.2,37.2,22.8,NA,5.394,2.582,4.022,4.928,2.582,2.345,0,0.001,913.79,312.4,72.88,239.52,0,0,NA,NA,NA,0.658,0.478,0.167,0.556,0.292,0.194,0.258,0.795
144,CRDA1201,RICER048,1,1,2012-10-22,144,20.2,36.5,26.1,NA,6.158,2.935,4.6,3.293,2.935,0.358,0,0.001,919.95,315.69,75.81,239.88,0,0,NA,NA,NA,0.297,0.04,0.007,0.011,0.003,0.001,0.293,0.352
145,CRDA1201,RICER048,1,1,2012-10-23,145,21.4,38.1,23.4,NA,6.923,3.289,5.181,2.382,2.066,0.315,0,0.001,926.88,318.07,77.88,240.19,0,0,NA,NA,NA,0.258,0.037,0.006,0.01,0.003,0.001,0.207,0.207
146,CRDA1201,RICER048,1,1,2012-10-24,146,19.5,37.5,22.7,NA,6.076,2.849,4.575,1.773,1.489,0.284,0,0.001,932.95,319.85,79.37,240.48,0,0,NA,NA,NA,0.23,0.034,0.006,0.009,0.003,0.001,0.149,0.149
147,CRDA1201,RICER048,1,1,2012-10-25,147,20.2,39.1,22.6,NA,6.793,3.13,5.155,1.455,1.195,0.26,0,0.001,939.74,321.3,80.56,240.73,0,0,NA,NA,NA,0.208,0.033,0.006,0.009,0.003,0.001,0.119,0.119
148,CRDA1201,RICER048,1,1,2012-10-26,148,18.5,38.2,24.5,NA,6.019,2.711,4.612,1.234,0.994,0.239,0,0.001,945.76,322.53,81.56,240.97,0,0,NA,NA,NA,0.189,0.032,0.006,0.009,0.002,0.001,0.099,0.101
149,CRDA1201,RICER048,1,1,2012-10-27,149,19.8,39.3,23,NA,6.72,2.957,5.199,1.089,0.866,0.222,0,0.001,952.48,323.62,82.42,241.2,0,0.01,NA,NA,NA,0.173,0.031,0.006,0.009,0.002,0.001,0.087,0.087
150,CRDA1201,RICER048,1,1,2012-10-28,150,15,33.3,24.4,NA,4.044,1.73,3.161,0.978,0.77,0.206,0,0.001,956.53,324.6,83.19,241.4,0,0.01,NA,NA,NA,0.159,0.03,0.005,0.009,0.002,0.001,0.077,0.077
151,CRDA1201,RICER048,1,1,2012-10-29,151,20.1,37.4,21.6,NA,6.138,2.574,4.835,0.887,0.694,0.192,0,0.001,962.67,325.49,83.89,241.59,0,0.01,NA,NA,NA,0.146,0.029,0.005,0.008,0.002,0.001,0.069,0.069
152,CRDA1201,RICER048,1,1,2012-10-30,152,20.5,38.5,21.1,NA,6.585,2.685,5.238,0.815,0.635,0.179,0,0.001,969.25,326.3,84.52,241.77,0,0.01,NA,NA,NA,0.134,0.029,0.005,0.008,0.002,0.001,0.064,0.064
153,CRDA1201,RICER048,1,1,2012-10-31,153,20.9,39.9,21.2,NA,7.177,2.84,5.765,0.753,0.585,0.167,0,0.001,976.43,327.06,85.11,241.94,0,0.01,NA,NA,NA,0.123,0.028,0.005,0.008,0.002,0.001,0.059,0.059
154,CRDA1201,RICER048,1,1,2012-11-01,154,20.1,37.8,21.2,NA,6.226,2.388,5.05,0.7,0.542,0.157,0,0.001,982.65,327.76,85.65,242.1,0,0.01,NA,NA,NA,0.112,0.028,0.005,0.008,0.002,0.001,0.054,0.054
155,CRDA1201,RICER048,1,1,2012-11-02,155,19.8,37.6,20.5,NA,6.036,2.245,4.939,0.653,0.505,0.147,0,0.001,988.69,328.41,86.16,242.24,0,0.01,NA,NA,NA,0.103,0.027,0.005,0.008,0.002,0.001,0.051,0.051
156,CRDA1201,RICER048,1,1,2012-11-03,156,19,38.3,21.8,NA,6.043,2.177,4.988,0.612,0.474,0.137,0,0.001,994.73,329.02,86.63,242.38,0,0.01,NA,NA,NA,0.095,0.027,0.005,0.008,0.002,0.001,0.047,0.047
157,CRDA1201,RICER048,1,1,2012-11-04,157,20.6,39.3,21.8,NA,6.87,2.399,5.717,0.575,0.446,0.129,0,0.001,1002,330,87,243,0,0,NA,NA,NA,0.087,0.026,0.005,0.008,0.002,0.001,0.045,0.045
158,CRDA1201,RICER048,1,1,2012-11-05,158,20.2,40.1,19.6,NA,6.887,2.326,5.779,0.543,0.421,0.121,0,0.001,1008,330,87,243,0,0,NA,NA,NA,0.08,0.026,0.005,0.008,0.002,0.001,0.042,0.042
159,CRDA1201,RICER048,1,1,2012-11-06,159,19.1,39.9,19.8,NA,6.452,2.106,5.456,0.513,0.398,0.114,0,0.001,1015,331,88,243,0,0,NA,NA,NA,0.073,0.026,0.005,0.008,0.002,0.001,0.04,0.04
160,CRDA1201,RICER048,1,1,2012-11-07,160,17.6,39.5,22.8,NA,5.942,1.874,5.062,0.486,0.378,0.108,0,0.001,1021,331,88,243,0,0,NA,NA,NA,0.067,0.025,0.005,0.008,0.002,0.001,0.038,0.038
161,CRDA1201,RICER048,1,1,2012-11-08,161,18,40.6,17.8,NA,6.184,1.887,5.305,0.462,0.36,0.102,0,0.001,1027,332,89,243,0,0,NA,NA,NA,0.061,0.025,0.005,0.008,0.002,0.001,0.036,0.036
162,CRDA1201,RICER048,1,1,2012-11-09,162,20.6,39.6,15,NA,6.618,1.951,5.715,0.44,0.343,0.096,0,0.001,1034,332,89,243,0,0,NA,NA,NA,0.056,0.025,0.005,0.007,0.002,0.001,0.034,0.034
163,CRDA1201,RICER048,1,1,2012-11-10,163,21.6,39.5,13.1,NA,6.807,1.937,5.917,0.42,0.328,0.091,0,0.001,1040,332,89,243,0,0,NA,NA,NA,0.052,0.024,0.005,0.007,0.002,0.001,0.033,0.033
164,CRDA1201,RICER048,1,1,2012-11-11,164,20.3,39.4,13.8,NA,6.389,1.753,5.588,0.401,0.314,0.086,0,0.001,1047,333,90,243,0,0,NA,NA,NA,0.047,0.024,0.004,0.007,0.002,0.001,0.031,0.031
165,CRDA1201,RICER048,1,1,2012-11-12,165,19.8,40.7,15.5,NA,6.695,1.773,5.89,0.384,0.301,0.082,0,0.001,1054,333,90,243,0,0,NA,NA,NA,0.043,0.024,0.004,0.007,0.002,0.001,0.03,0.03
166,CRDA1201,RICER048,1,1,2012-11-13,166,18.9,39.9,17.1,NA,6.217,1.587,5.501,0.368,0.289,0.078,0,0.001,1060,334,90,243,0,0,NA,NA,NA,0.04,0.024,0.004,0.007,0.002,0.001,0.029,0.029
167,CRDA1201,RICER048,1,1,2012-11-14,167,19.5,41.8,16.1,NA,6.945,1.711,6.178,0.353,0.278,0.074,0,0.001,1067,334,90,243,0,0,NA,NA,NA,0.036,0.023,0.004,0.007,0.002,0.001,0.028,0.028
168,CRDA1201,RICER048,1,1,2012-11-15,168,13.4,39.8,16.8,NA,4.369,1.038,3.906,0.34,0.268,0.071,0,0.001,1071,334,91,244,0,0,NA,NA,NA,0.033,0.023,0.004,0.007,0.002,0.001,0.027,0.027
169,CRDA1201,RICER048,1,1,2012-11-16,169,17,39.6,16.6,NA,5.476,1.259,4.918,0.308,0.24,0.068,0,0.001,1077,335,91,244,0,0,NA,NA,NA,0.031,0.023,0.004,0.007,0.002,0.001,0.024,0.026
170,CRDA1201,RICER048,1,1,2012-11-17,170,19.3,39.3,16.2,NA,6.104,1.354,5.507,0.294,0.228,0.065,0,0,1083,335,91,244,0,0,NA,NA,NA,0.028,0.023,0.004,0.007,0.002,0.001,0.023,0.023
171,CRDA1201,RICER048,1,1,2012-11-18,171,17.9,38.2,19.3,NA,5.471,1.169,4.958,0.284,0.221,0.063,0,0,1088,335,91,244,0,0,NA,NA,NA,0.026,0.023,0.004,0.007,0.002,0.001,0.022,0.022
172,CRDA1201,RICER048,1,1,2012-11-19,172,11.1,35.6,21.2,NA,2.998,0.618,2.728,0.274,0.214,0.06,0,0,1091,335,92,244,0,0,NA,NA,NA,0.024,0.022,0.004,0.007,0.002,0.001,0.021,0.021
173,CRDA1201,RICER048,1,1,2012-11-20,173,15.5,35.8,20.3,NA,4.2,0.84,3.834,0.266,0.207,0.058,0,0,1095,336,92,244,0,0,NA,NA,NA,0.022,0.022,0.004,0.007,0.002,0.001,0.021,0.021
174,CRDA1201,RICER048,1,1,2012-11-21,174,16.8,36.9,20.1,NA,4.812,0.929,4.409,0.258,0.201,0.056,0,0,1100,336,92,244,0,0,NA,NA,NA,0.02,0.022,0.004,0.007,0.002,0.001,0.02,0.02
175,CRDA1201,RICER048,1,1,2012-11-22,175,16.6,38.1,20.8,NA,5.071,0.944,4.662,0.25,0.195,0.054,0,0,1105,336,92,244,0,0,NA,NA,NA,0.018,0.022,0.004,0.007,0.002,0.001,0.02,0.02
176,CRDA1201,RICER048,1,1,2012-11-23,176,13.9,37.6,21.5,NA,4.154,0.746,3.832,0.243,0.19,0.053,0,0,1109,336,92,244,0,0,NA,NA,NA,0.017,0.022,0.004,0.007,0.002,0.001,0.019,0.019
177,CRDA1201,RICER048,1,1,2012-11-24,177,16,40.2,20.1,NA,5.366,0.931,4.967,0.236,0.184,0.051,0,0,1115,337,93,244,0,0,NA,NA,NA,0.015,0.022,0.004,0.007,0.002,0.001,0.018,0.018
178,CRDA1201,RICER048,1,1,2012-11-25,178,19.2,39.9,17,NA,6.211,1.038,5.767,0.229,0.179,0.05,0,0,1121,337,93,244,0,0,NA,NA,NA,0.014,0.022,0.004,0.007,0.002,0.001,0.018,0.018
179,CRDA1201,RICER048,1,1,2012-11-26,179,19.4,39.5,18.5,NA,6.21,0.999,5.784,0.223,0.174,0.048,0,0,1127,337,93,244,0,0,NA,NA,NA,0.013,0.022,0.004,0.007,0.002,0.001,0.017,0.017
180,CRDA1201,RICER048,1,1,2012-11-27,180,15.3,37.4,19,NA,4.422,0.712,4.119,0.217,0.17,0.047,0,0,1132,337,93,244,0,0,NA,NA,NA,0.012,0.022,0.004,0.007,0.002,0.001,0.017,0.017
181,CRDA1201,RICER048,1,1,2012-11-28,181,14.2,34.6,15.9,NA,3.517,0.566,3.276,0.211,0.165,0.046,0,0,1135,338,93,244,0,0,NA,NA,NA,0.011,0.021,0.004,0.007,0.002,0.001,0.017,0.017
