Var1,LON,LAT,YEAR,MM,DD,DOY,YYYYMMDD,ALLSKY_SFC_SW_DWN,T2M_MAX,T2M_MIN,T2M,QV2M,RH2M,PRECTOTCORR,WS2M,WD2M,GWETTOP,GWETROOT,GWETPROF
1,-15.17972222,14.24972222,2015,1,1,1,2015-01-01,14.8,31.9,14.79,22.17,2.75,17.88,0,3.61,58.75,0.27,0.36,0.4
2,-15.17972222,14.24972222,2015,1,2,2,2015-01-02,15.52,31,16.29,22.33,3.17,19.12,0,3.66,71.94,0.27,0.36,0.4
3,-15.17972222,14.24972222,2015,1,3,3,2015-01-03,15.06,32.19,15.73,23.02,3.42,20,0,3.33,74.62,0.27,0.35,0.4
4,-15.17972222,14.24972222,2015,1,4,4,2015-01-04,13.33,34.9,17.42,25.27,3.66,19.5,0,3.09,68.75,0.27,0.35,0.4
5,-15.17972222,14.24972222,2015,1,5,5,2015-01-05,15.46,33.16,18.93,24.6,2.99,16.5,0,3.8,47.44,0.26,0.35,0.4
6,-15.17972222,14.24972222,2015,1,6,6,2015-01-06,17.23,34.18,16.1,24.25,2.75,16.12,0,3.3,52.44,0.26,0.35,0.4
7,-15.17972222,14.24972222,2015,1,7,7,2015-01-07,18.8,33.26,16.51,23.51,2.69,15.81,0,2.61,38.38,0.25,0.35,0.4
8,-15.17972222,14.24972222,2015,1,8,8,2015-01-08,12.07,28.94,16.94,21.8,2.75,17.56,0,2.75,34.62,0.25,0.35,0.4
9,-15.17972222,14.24972222,2015,1,9,9,2015-01-09,18.09,34.67,14.3,23.73,3.97,21.75,0,2.55,122.19,0.25,0.35,0.4
10,-15.17972222,14.24972222,2015,1,10,10,2015-01-10,12.74,33.72,18.62,25.86,5.31,26.5,0,2.01,129.06,0.25,0.35,0.4
11,-15.17972222,14.24972222,2015,1,11,11,2015-01-11,8.46,34.83,17.65,25.9,4.33,22.12,0,2.08,105.06,0.25,0.35,0.39
12,-15.17972222,14.24972222,2015,1,12,12,2015-01-12,11.46,33.66,18.83,25.05,4.46,24.38,0,1.78,68.5,0.25,0.35,0.39
13,-15.17972222,14.24972222,2015,1,13,13,2015-01-13,12.95,34.1,16.8,24.53,3.48,19.5,0,1.96,42.94,0.25,0.35,0.39
14,-15.17972222,14.24972222,2015,1,14,14,2015-01-14,19.25,34.67,17.12,25.07,3.6,19.88,0,2.18,36.81,0.24,0.35,0.39
15,-15.17972222,14.24972222,2015,1,15,15,2015-01-15,14.48,32.47,18.33,24.79,3.3,18.06,0,1.59,60.25,0.24,0.35,0.39
16,-15.17972222,14.24972222,2015,1,16,16,2015-01-16,16.65,34.56,17.79,25.91,3.66,19.25,0,1.48,167.62,0.23,0.35,0.39
17,-15.17972222,14.24972222,2015,1,17,17,2015-01-17,18.59,35.62,16.64,25.31,3.3,18.12,0,2.5,30.5,0.23,0.35,0.39
18,-15.17972222,14.24972222,2015,1,18,18,2015-01-18,19.05,35.51,16.83,25.34,3.36,17.81,0,3.51,34.75,0.23,0.35,0.39
19,-15.17972222,14.24972222,2015,1,19,19,2015-01-19,19.81,33.15,16.89,24.52,3.54,19.56,0,3,49.69,0.23,0.35,0.39
20,-15.17972222,14.24972222,2015,1,20,20,2015-01-20,20.35,34.06,16.52,24.69,3.23,17.88,0,2.16,86.62,0.22,0.35,0.39
21,-15.17972222,14.24972222,2015,1,21,21,2015-01-21,18.95,32.89,18.08,24.38,4.82,27,0,2.4,36.88,0.22,0.35,0.39
22,-15.17972222,14.24972222,2015,1,22,22,2015-01-22,11.04,31.8,19.55,24.71,4.15,22.12,0,2.96,45.94,0.22,0.35,0.39
23,-15.17972222,14.24972222,2015,1,23,23,2015-01-23,18,34.6,20.47,26.73,4.15,19.69,0,2.75,43.44,0.22,0.35,0.39
24,-15.17972222,14.24972222,2015,1,24,24,2015-01-24,16.39,35.55,20.39,26.89,3.72,17.69,0,3.18,25.94,0.21,0.35,0.39
25,-15.17972222,14.24972222,2015,1,25,25,2015-01-25,21.09,36.3,19.19,26.41,2.93,14.44,0,3.12,27.5,0.21,0.35,0.39
26,-15.17972222,14.24972222,2015,1,26,26,2015-01-26,20.59,35.64,17.55,25.86,2.69,14.06,0,3.9,53.69,0.2,0.35,0.39
27,-15.17972222,14.24972222,2015,1,27,27,2015-01-27,20.71,34.56,17.69,25.13,2.08,11.38,0,4.1,46.62,0.2,0.35,0.39
28,-15.17972222,14.24972222,2015,1,28,28,2015-01-28,18.27,34.56,18.17,25.53,1.77,9.19,0,4.09,52,0.2,0.35,0.38
29,-15.17972222,14.24972222,2015,1,29,29,2015-01-29,16.37,34.9,17.89,25.83,1.89,9.75,0,3.84,49.12,0.19,0.34,0.38
30,-15.17972222,14.24972222,2015,1,30,30,2015-01-30,20.57,34.55,19.23,25.99,2.01,10.38,0,3.76,42.38,0.19,0.34,0.38
31,-15.17972222,14.24972222,2015,1,31,31,2015-01-31,21.87,35.25,17.63,25.33,2.14,11.19,0,3.54,34,0.19,0.34,0.38
32,-15.17972222,14.24972222,2015,2,1,32,2015-02-01,18.86,34.19,16.23,24.4,2.32,13.06,0,3.1,76.5,0.19,0.34,0.38
33,-15.17972222,14.24972222,2015,2,2,33,2015-02-02,18.55,34.59,17.02,25.51,3.36,17.62,0,2.63,175.81,0.19,0.34,0.38
34,-15.17972222,14.24972222,2015,2,3,34,2015-02-03,21.95,32.8,18.95,24.47,5.92,33.81,0,2.5,262.31,0.19,0.34,0.38
35,-15.17972222,14.24972222,2015,2,4,35,2015-02-04,21.64,37.01,16.07,25.78,4.7,26.25,0,2.34,246.88,0.19,0.34,0.38
36,-15.17972222,14.24972222,2015,2,5,36,2015-02-05,19.58,36.95,19.65,27.09,4.7,22.94,0,2.92,229.75,0.19,0.34,0.38
37,-15.17972222,14.24972222,2015,2,6,37,2015-02-06,19.11,36.22,20.68,27.34,4.39,20.81,0,2.72,119.5,0.19,0.34,0.38
38,-15.17972222,14.24972222,2015,2,7,38,2015-02-07,21.96,40.13,19.69,29.13,4.09,18.56,0,2.58,155,0.19,0.34,0.38
39,-15.17972222,14.24972222,2015,2,8,39,2015-02-08,20.14,38.59,18.91,27.9,4.58,21.69,0,2.08,284.81,0.18,0.34,0.38
40,-15.17972222,14.24972222,2015,2,9,40,2015-02-09,22.01,38.15,18.15,27.26,6.35,32.69,0,3.18,330.06,0.18,0.34,0.38
41,-15.17972222,14.24972222,2015,2,10,41,2015-02-10,22.12,37.72,19.01,27.49,6.35,31.38,0,3.55,313.56,0.18,0.34,0.38
42,-15.17972222,14.24972222,2015,2,11,42,2015-02-11,22.19,38.76,19.69,28.16,5.31,25.38,0,3.45,254.19,0.18,0.34,0.38
43,-15.17972222,14.24972222,2015,2,12,43,2015-02-12,20.86,38.79,19.15,28.4,5.49,26.69,0,3.24,154.31,0.18,0.34,0.38
44,-15.17972222,14.24972222,2015,2,13,44,2015-02-13,22.45,37.12,21.13,28.75,5.37,24.38,0,4.85,210,0.18,0.34,0.38
45,-15.17972222,14.24972222,2015,2,14,45,2015-02-14,20.23,36.83,21.52,28.74,5.68,25.56,0,4.97,101.44,0.17,0.34,0.38
46,-15.17972222,14.24972222,2015,2,15,46,2015-02-15,21.08,38.73,22.67,29.94,5,20.56,0,3.54,48.44,0.17,0.34,0.38
47,-15.17972222,14.24972222,2015,2,16,47,2015-02-16,21.16,38.36,21.65,29.12,4.33,18.25,0,4.15,43.94,0.17,0.34,0.38
48,-15.17972222,14.24972222,2015,2,17,48,2015-02-17,20.05,37.21,21.67,29.15,4.33,18.5,0,4.38,24.06,0.17,0.34,0.38
49,-15.17972222,14.24972222,2015,2,18,49,2015-02-18,22.07,37.39,21.93,29.33,7.08,30,0,3.48,20,0.17,0.34,0.38
50,-15.17972222,14.24972222,2015,2,19,50,2015-02-19,22.2,34.58,21.63,27.62,6.53,29.19,0,3.97,197.25,0.17,0.34,0.38
51,-15.17972222,14.24972222,2015,2,20,51,2015-02-20,21.06,32.2,19.15,24.77,4.52,24.75,0,4.7,54.75,0.17,0.34,0.38
52,-15.17972222,14.24972222,2015,2,21,52,2015-02-21,21.84,32.08,16.01,23.52,3.78,22.88,0,4.7,25.56,0.17,0.34,0.38
53,-15.17972222,14.24972222,2015,2,22,53,2015-02-22,23.8,33.55,16.41,24.32,3.23,18.62,0,4.34,35.88,0.17,0.34,0.38
54,-15.17972222,14.24972222,2015,2,23,54,2015-02-23,24.19,36.66,17.8,26.65,3.05,14.62,0,3.44,36.88,0.17,0.34,0.38
55,-15.17972222,14.24972222,2015,2,24,55,2015-02-24,24.14,38.63,18.58,28.12,2.93,12.75,0,3.26,56.06,0.16,0.34,0.38
56,-15.17972222,14.24972222,2015,2,25,56,2015-02-25,24.45,38.44,18.52,27.86,2.14,10.06,0,3.34,22.56,0.16,0.34,0.38
57,-15.17972222,14.24972222,2015,2,26,57,2015-02-26,23.63,37.08,18.96,27.47,2.26,10.44,0,4.77,56.12,0.16,0.34,0.38
58,-15.17972222,14.24972222,2015,2,27,58,2015-02-27,20.13,35.56,19.4,26.83,1.95,9.56,0,5.21,62.12,0.16,0.34,0.38
59,-15.17972222,14.24972222,2015,2,28,59,2015-02-28,20.87,35.71,18.51,26.29,1.89,9.44,0,4.19,53.5,0.16,0.34,0.38
60,-15.17972222,14.24972222,2015,3,1,60,2015-03-01,24.34,35.93,18.13,26.26,2.01,10.06,0,3.78,43.62,0.15,0.34,0.38
61,-15.17972222,14.24972222,2015,3,2,61,2015-03-02,24.97,36.8,18.19,26.89,2.08,9.94,0,3.78,65.56,0.15,0.34,0.38
62,-15.17972222,14.24972222,2015,3,3,62,2015-03-03,24.66,37.39,19.65,27.87,2.81,12.62,0,3.46,62.81,0.15,0.34,0.38
63,-15.17972222,14.24972222,2015,3,4,63,2015-03-04,24.66,38.61,18.4,28.09,2.93,13.5,0,2.3,153.75,0.15,0.34,0.38
64,-15.17972222,14.24972222,2015,3,5,64,2015-03-05,24.32,38.9,18.15,28.36,3.23,15.38,0,1.59,182.56,0.15,0.34,0.38
65,-15.17972222,14.24972222,2015,3,6,65,2015-03-06,23.97,40.13,19.4,29.34,4.03,18.5,0,2.38,158.19,0.15,0.34,0.38
66,-15.17972222,14.24972222,2015,3,7,66,2015-03-07,21.45,40.59,19.76,30.03,3.91,17.31,0,2.47,100.25,0.15,0.34,0.38
67,-15.17972222,14.24972222,2015,3,8,67,2015-03-08,20.41,38.42,19.31,28.26,6.59,31.5,0,2.65,306.81,0.15,0.34,0.38
68,-15.17972222,14.24972222,2015,3,9,68,2015-03-09,18.46,33.69,20.11,25.98,7.87,40.81,0,2.91,297.25,0.16,0.34,0.38
69,-15.17972222,14.24972222,2015,3,10,69,2015-03-10,21.14,34.34,19.64,26.17,6.77,35.81,0,2.35,269.25,0.16,0.34,0.38
70,-15.17972222,14.24972222,2015,3,11,70,2015-03-11,21.06,38.27,20.49,29.4,6.9,28.94,0,2.46,256.38,0.16,0.34,0.38
71,-15.17972222,14.24972222,2015,3,12,71,2015-03-12,22.49,40.03,22.66,30.74,4.82,19.75,0,3.59,73.56,0.16,0.34,0.38
72,-15.17972222,14.24972222,2015,3,13,72,2015-03-13,23.87,40.85,23.59,31.8,4.88,16.94,0,3.61,61.19,0.15,0.34,0.38
73,-15.17972222,14.24972222,2015,3,14,73,2015-03-14,19.28,37.93,23.85,30.49,7.93,30.44,0,1.6,156.06,0.15,0.34,0.38
74,-15.17972222,14.24972222,2015,3,15,74,2015-03-15,20,36.82,23.8,30.23,6.96,28.19,0,1.01,184.5,0.16,0.34,0.38
75,-15.17972222,14.24972222,2015,3,16,75,2015-03-16,23.2,39.9,20.96,29.99,4.15,17.62,0,1.94,236.88,0.15,0.34,0.38
76,-15.17972222,14.24972222,2015,3,17,76,2015-03-17,24.69,40.4,20.97,30.27,4.58,20.06,0,2.64,249.06,0.15,0.34,0.38
77,-15.17972222,14.24972222,2015,3,18,77,2015-03-18,13.56,40.37,23.95,31.08,5.19,20.75,0,3.41,205.56,0.14,0.34,0.38
78,-15.17972222,14.24972222,2015,3,19,78,2015-03-19,23.17,38.7,22,30.03,4.94,20.62,0,2.95,291.88,0.14,0.34,0.38
79,-15.17972222,14.24972222,2015,3,20,79,2015-03-20,23.82,38.4,21.7,29.59,4.27,17.88,0,3.39,261.88,0.14,0.34,0.38
80,-15.17972222,14.24972222,2015,3,21,80,2015-03-21,22.66,34.59,20.85,26.9,5.55,27.44,0,3.3,305.31,0.14,0.34,0.38
81,-15.17972222,14.24972222,2015,3,22,81,2015-03-22,24.48,35.9,19.58,26.98,5.86,29.44,0,3.93,323.56,0.15,0.34,0.38
82,-15.17972222,14.24972222,2015,3,23,82,2015-03-23,23.11,34.73,18.98,25.98,5.98,31.44,0,4.88,332,0.15,0.34,0.38
83,-15.17972222,14.24972222,2015,3,24,83,2015-03-24,25.97,34.52,17.08,25.35,5.43,31.44,0,4.07,262.12,0.15,0.34,0.38
84,-15.17972222,14.24972222,2015,3,25,84,2015-03-25,25.41,36.4,17.65,27.1,3.85,18.69,0,3.4,97.31,0.15,0.34,0.38
85,-15.17972222,14.24972222,2015,3,26,85,2015-03-26,23.09,38.12,20.7,29.23,3.97,16.62,0,2.88,40.94,0.14,0.34,0.38
86,-15.17972222,14.24972222,2015,3,27,86,2015-03-27,24.5,40.69,20.94,30.94,4.46,16.94,0,2.37,139.25,0.14,0.34,0.38
87,-15.17972222,14.24972222,2015,3,28,87,2015-03-28,26.01,41.8,21.85,31.6,3.78,14.69,0,3.36,87.75,0.14,0.34,0.38
88,-15.17972222,14.24972222,2015,3,29,88,2015-03-29,26.77,39.5,23.9,30.84,2.75,10.56,0,5.05,51.31,0.13,0.34,0.38
89,-15.17972222,14.24972222,2015,3,30,89,2015-03-30,27.18,38.45,21.09,29.18,2.32,10.06,0,4.39,65.31,0.13,0.34,0.38
90,-15.17972222,14.24972222,2015,3,31,90,2015-03-31,26.78,39.01,19.48,28.96,2.32,9.94,0,3.41,60.38,0.13,0.34,0.38
91,-15.17972222,14.24972222,2015,4,1,91,2015-04-01,26.14,40.43,20.24,29.85,2.01,8.38,0,3.47,51.25,0.13,0.34,0.38
92,-15.17972222,14.24972222,2015,4,2,92,2015-04-02,27.25,41.38,19.95,30.97,2.01,7.62,0,2.55,52.5,0.12,0.34,0.38
93,-15.17972222,14.24972222,2015,4,3,93,2015-04-03,23,41.2,22.29,32.06,3.05,10.5,0,1.67,113.75,0.12,0.34,0.38
94,-15.17972222,14.24972222,2015,4,4,94,2015-04-04,23.63,41.62,23.35,32,5.31,19.19,0,1.75,195.62,0.12,0.34,0.38
95,-15.17972222,14.24972222,2015,4,5,95,2015-04-05,24.86,40.9,23.58,31.87,7.08,27.94,0,1.88,148.88,0.12,0.34,0.38
96,-15.17972222,14.24972222,2015,4,6,96,2015-04-06,25.13,40.23,21.73,30.84,7.81,31.19,0,2.37,261.75,0.13,0.34,0.38
97,-15.17972222,14.24972222,2015,4,7,97,2015-04-07,25.91,41.26,21.78,31.01,6.41,27,0,3.1,237.69,0.13,0.34,0.38
98,-15.17972222,14.24972222,2015,4,8,98,2015-04-08,25.35,42.48,21.92,31.87,5.37,21.94,0,3.71,146.69,0.13,0.34,0.38
99,-15.17972222,14.24972222,2015,4,9,99,2015-04-09,19.99,43.45,23.19,32.93,4.58,16.44,0,3.62,106.31,0.12,0.34,0.38
100,-15.17972222,14.24972222,2015,4,10,100,2015-04-10,22.42,42.3,23.78,32.82,5.49,18.5,0,2.91,102.56,0.12,0.34,0.38
101,-15.17972222,14.24972222,2015,4,11,101,2015-04-11,25.4,42.55,23.9,32.93,7.2,26.69,0,2.2,177.19,0.12,0.34,0.37
102,-15.17972222,14.24972222,2015,4,12,102,2015-04-12,26.37,43.07,22.48,32.55,5.86,24.56,0,2.4,150.88,0.12,0.34,0.37
103,-15.17972222,14.24972222,2015,4,13,103,2015-04-13,19.72,42.28,22.23,32.39,6.59,25.69,0,2.12,191.31,0.12,0.34,0.37
104,-15.17972222,14.24972222,2015,4,14,104,2015-04-14,20.6,39.65,23.76,31.25,9.22,35.62,0,3.33,236.75,0.12,0.34,0.37
105,-15.17972222,14.24972222,2015,4,15,105,2015-04-15,20.88,41.21,24.28,32.59,8.73,31.62,0,2.03,205.5,0.13,0.34,0.37
106,-15.17972222,14.24972222,2015,4,16,106,2015-04-16,19.87,40.72,24.82,32.15,8.61,31,0,2.2,227.75,0.13,0.34,0.37
107,-15.17972222,14.24972222,2015,4,17,107,2015-04-17,21.86,40.21,23.41,31.09,8.67,34.56,0,3.12,260.75,0.13,0.34,0.37
108,-15.17972222,14.24972222,2015,4,18,108,2015-04-18,23.48,41.09,22.14,31.09,8.12,34.06,0,2.91,263.56,0.13,0.34,0.37
109,-15.17972222,14.24972222,2015,4,19,109,2015-04-19,23.64,42.22,22.74,31.57,7.08,28.88,0,3.02,237.44,0.13,0.34,0.37
110,-15.17972222,14.24972222,2015,4,20,110,2015-04-20,24.1,40.97,21.37,30.64,7.63,33.06,0,2.27,265.12,0.13,0.34,0.37
111,-15.17972222,14.24972222,2015,4,21,111,2015-04-21,22.9,40.24,21.68,30.59,7.69,32.62,0,2.11,224.12,0.13,0.34,0.37
112,-15.17972222,14.24972222,2015,4,22,112,2015-04-22,22.13,42.66,22.32,32.44,6.23,25.06,0,2.05,186.56,0.13,0.34,0.37
113,-15.17972222,14.24972222,2015,4,23,113,2015-04-23,21.71,41.56,23.43,31.8,5.68,21.75,0,2.2,232.62,0.12,0.34,0.37
114,-15.17972222,14.24972222,2015,4,24,114,2015-04-24,25.26,43.24,22.47,31.94,7.75,32.94,0,2.67,200.06,0.12,0.34,0.37
115,-15.17972222,14.24972222,2015,4,25,115,2015-04-25,26.43,41.87,21.9,31.43,9.52,39.56,0,3.24,238.31,0.12,0.34,0.37
116,-15.17972222,14.24972222,2015,4,26,116,2015-04-26,26.21,41.62,21.74,31.02,9.16,39.44,0,3.81,258.5,0.12,0.34,0.37
117,-15.17972222,14.24972222,2015,4,27,117,2015-04-27,25.53,40.58,21.25,30.19,10.01,44,0,4.53,249.5,0.12,0.34,0.37
118,-15.17972222,14.24972222,2015,4,28,118,2015-04-28,23.62,39.79,21.82,30.55,10.38,42.56,0,3.77,257.75,0.13,0.34,0.37
119,-15.17972222,14.24972222,2015,4,29,119,2015-04-29,24.9,41.05,22.63,31.37,9.7,38.5,0,2.89,295.94,0.13,0.34,0.37
120,-15.17972222,14.24972222,2015,4,30,120,2015-04-30,22.34,40,23.65,31.38,9.4,37,0,2.66,245.94,0.13,0.34,0.37
121,-15.17972222,14.24972222,2015,5,1,121,2015-05-01,24.86,42.32,23.31,32.36,9.7,37.5,0,3.62,241.5,0.13,0.34,0.37
122,-15.17972222,14.24972222,2015,5,2,122,2015-05-02,21.37,39.94,23.02,30.98,9.89,40.06,0,4.02,261.5,0.13,0.34,0.37
123,-15.17972222,14.24972222,2015,5,3,123,2015-05-03,21.39,40.13,22.66,31.03,9.58,39.75,0,3.6,276.69,0.13,0.34,0.37
124,-15.17972222,14.24972222,2015,5,4,124,2015-05-04,16.17,43.4,22.82,32.38,6.96,30.94,0,3.51,171.06,0.13,0.34,0.37
125,-15.17972222,14.24972222,2015,5,5,125,2015-05-05,25.12,40.92,23.44,31.83,6.65,26.5,0,2.26,206.94,0.12,0.34,0.37
126,-15.17972222,14.24972222,2015,5,6,126,2015-05-06,24,38.38,24.26,30.76,10.5,41.5,0,4.18,248.12,0.13,0.34,0.37
127,-15.17972222,14.24972222,2015,5,7,127,2015-05-07,20.59,32.7,22.94,27.88,11.47,51.5,0,3.6,261.62,0.13,0.34,0.37
128,-15.17972222,14.24972222,2015,5,8,128,2015-05-08,22.6,40.01,22.51,30.75,10.93,44,0,3.44,241.31,0.14,0.34,0.37
129,-15.17972222,14.24972222,2015,5,9,129,2015-05-09,24,39.31,24.05,31.12,11.35,43.44,0,4.79,253.38,0.14,0.34,0.37
130,-15.17972222,14.24972222,2015,5,10,130,2015-05-10,24.95,39.9,23.24,31.15,11.54,44.5,0,4.48,255.06,0.14,0.34,0.37
131,-15.17972222,14.24972222,2015,5,11,131,2015-05-11,25.41,39.85,23.36,31.32,11.96,45.56,0,4.05,278,0.14,0.34,0.37
132,-15.17972222,14.24972222,2015,5,12,132,2015-05-12,25.11,40.15,23.05,31.44,11.17,42.75,0,3.47,283.12,0.13,0.34,0.37
133,-15.17972222,14.24972222,2015,5,13,133,2015-05-13,25.27,40.54,24.09,32.31,10.68,39.19,0,2.53,285.75,0.13,0.34,0.37
134,-15.17972222,14.24972222,2015,5,14,134,2015-05-14,24.96,41.58,24.96,33.08,10.13,35.5,0,3.29,300.75,0.13,0.34,0.37
135,-15.17972222,14.24972222,2015,5,15,135,2015-05-15,24.76,42.55,24.76,33.19,9.83,35.06,0,3.77,289.44,0.13,0.34,0.37
136,-15.17972222,14.24972222,2015,5,16,136,2015-05-16,24.42,41.14,23.87,32.05,10.38,39.31,0,3.29,260.25,0.13,0.34,0.37
137,-15.17972222,14.24972222,2015,5,17,137,2015-05-17,24.3,40.9,23.72,32.19,11.05,41.88,0,3.55,257.69,0.12,0.34,0.37
138,-15.17972222,14.24972222,2015,5,18,138,2015-05-18,23.54,39.44,24.53,31.76,11.41,42.88,0,3.72,266.75,0.12,0.34,0.37
139,-15.17972222,14.24972222,2015,5,19,139,2015-05-19,23.82,39.08,25.03,31.43,11.47,43.12,0,4.27,262.56,0.13,0.34,0.37
140,-15.17972222,14.24972222,2015,5,20,140,2015-05-20,25.7,38.87,24.48,31.51,10.5,40,0,3.21,247.19,0.13,0.34,0.37
141,-15.17972222,14.24972222,2015,5,21,141,2015-05-21,23.37,36.93,25.33,31.01,12.63,47.31,0.01,3.99,245.56,0.13,0.34,0.37
142,-15.17972222,14.24972222,2015,5,22,142,2015-05-22,20.74,39.15,26.33,31.96,11.35,41.56,0.01,3.43,283.31,0.13,0.34,0.37
143,-15.17972222,14.24972222,2015,5,23,143,2015-05-23,20.13,41.3,24.38,32.97,6.96,26.44,0,3.87,244.44,0.13,0.34,0.37
144,-15.17972222,14.24972222,2015,5,24,144,2015-05-24,24.39,41.77,24.78,32.94,6.77,25,0,2.13,227.19,0.13,0.34,0.37
145,-15.17972222,14.24972222,2015,5,25,145,2015-05-25,25.91,41.83,23.83,32.54,7.02,28.5,0,2.89,194,0.12,0.34,0.37
146,-15.17972222,14.24972222,2015,5,26,146,2015-05-26,25.5,43.57,23.89,33.84,4.7,16.06,0,3.46,129,0.12,0.34,0.37
147,-15.17972222,14.24972222,2015,5,27,147,2015-05-27,27.1,42.98,24.44,33.89,4.33,14.44,0,3.41,104.06,0.12,0.34,0.37
148,-15.17972222,14.24972222,2015,5,28,148,2015-05-28,25.53,43.26,24.18,33.74,5.31,18.88,0,3.39,176,0.12,0.34,0.37
149,-15.17972222,14.24972222,2015,5,29,149,2015-05-29,25.2,41.46,24.3,32.7,8.36,30.31,0,2.22,243.38,0.12,0.34,0.37
150,-15.17972222,14.24972222,2015,5,30,150,2015-05-30,21.98,41.58,25.67,33.23,9.83,34.44,0,2.81,278.25,0.12,0.34,0.37
151,-15.17972222,14.24972222,2015,5,31,151,2015-05-31,17.49,42.75,25.53,34.02,10.68,36.31,0,3.22,251.06,0.12,0.34,0.37
152,-15.17972222,14.24972222,2015,6,1,152,2015-06-01,23.11,41.5,26.23,33.66,11.72,39.56,0,3.9,232.12,0.12,0.34,0.37
153,-15.17972222,14.24972222,2015,6,2,153,2015-06-02,21.04,37.54,27.05,31.87,13.49,47.38,0,4.7,252.94,0.12,0.34,0.37
154,-15.17972222,14.24972222,2015,6,3,154,2015-06-03,24.69,40.1,26.54,32.89,9.52,33.75,0,3.22,287.75,0.12,0.34,0.37
155,-15.17972222,14.24972222,2015,6,4,155,2015-06-04,25.02,39.92,23.81,31.56,8.48,33.62,0,3.02,287.94,0.12,0.34,0.37
156,-15.17972222,14.24972222,2015,6,5,156,2015-06-05,25.35,38.76,22.69,30.69,9.52,38.44,0.01,2.77,298.31,0.12,0.34,0.37
157,-15.17972222,14.24972222,2015,6,6,157,2015-06-06,24.96,39.55,23.65,31.69,9.64,36,0,2.66,308.19,0.12,0.34,0.37
158,-15.17972222,14.24972222,2015,6,7,158,2015-06-07,24.24,41.79,24.8,33.15,8.48,30.06,0,3.51,278.38,0.12,0.34,0.37
159,-15.17972222,14.24972222,2015,6,8,159,2015-06-08,23.57,42.22,24.31,32.98,9.95,35.25,0,3.1,213.06,0.12,0.34,0.37
160,-15.17972222,14.24972222,2015,6,9,160,2015-06-09,24.41,40.27,26.39,33.17,13.79,46.31,0.13,4.26,227.25,0.12,0.34,0.37
161,-15.17972222,14.24972222,2015,6,10,161,2015-06-10,23.62,39.55,26.52,32.87,13.31,45.44,0.09,3.23,265.69,0.13,0.34,0.37
162,-15.17972222,14.24972222,2015,6,11,162,2015-06-11,21.88,40.47,26.58,33.26,12.88,43.38,0.04,2.88,211.69,0.13,0.34,0.37
163,-15.17972222,14.24972222,2015,6,12,163,2015-06-12,23.98,41.64,28.33,35.15,13.12,39.75,0.14,2.23,198.75,0.13,0.34,0.37
164,-15.17972222,14.24972222,2015,6,13,164,2015-06-13,22.66,42.06,27.56,34.34,11.54,37,0,4.55,261.44,0.13,0.34,0.37
165,-15.17972222,14.24972222,2015,6,14,165,2015-06-14,19.03,41.39,26.06,33.42,12.15,41.12,0.01,3.72,221.19,0.13,0.34,0.37
166,-15.17972222,14.24972222,2015,6,15,166,2015-06-15,19.59,39.97,26.26,32.97,12.82,43.88,0.01,3.48,239.12,0.13,0.34,0.37
167,-15.17972222,14.24972222,2015,6,16,167,2015-06-16,18.43,38.44,26.4,32.65,14.65,49.75,1.39,3.45,229.44,0.16,0.34,0.37
168,-15.17972222,14.24972222,2015,6,17,168,2015-06-17,20.74,36.78,27.12,31.72,14.53,51.06,1.66,4.69,260.94,0.23,0.34,0.37
169,-15.17972222,14.24972222,2015,6,18,169,2015-06-18,23.92,39.89,25.67,32.16,12.76,46.25,0,3.68,259.06,0.25,0.34,0.37
170,-15.17972222,14.24972222,2015,6,19,170,2015-06-19,22.6,39.3,24.26,31.26,12.82,48.69,0,4.48,255.75,0.23,0.34,0.37
171,-15.17972222,14.24972222,2015,6,20,171,2015-06-20,23.78,39.82,24.31,31.83,13.18,48.94,0.22,4.12,244.62,0.22,0.34,0.37
172,-15.17972222,14.24972222,2015,6,21,172,2015-06-21,25.28,39.42,26.7,33.06,14.04,46.69,0.93,2.58,219.31,0.23,0.34,0.37
173,-15.17972222,14.24972222,2015,6,22,173,2015-06-22,24.01,39.69,26.89,33.15,14.1,46.88,0.51,3.55,280.94,0.24,0.34,0.37
174,-15.17972222,14.24972222,2015,6,23,174,2015-06-23,22.1,38.74,25.86,32.25,13.55,46.88,0.23,4.02,251.75,0.23,0.34,0.37
175,-15.17972222,14.24972222,2015,6,24,175,2015-06-24,24.31,38.69,26.68,32.43,14.53,49.88,0.66,3.5,247.88,0.24,0.34,0.37
176,-15.17972222,14.24972222,2015,6,25,176,2015-06-25,22.01,34.79,25.97,29.87,14.95,58.69,1.2,4.32,266.75,0.27,0.35,0.37
177,-15.17972222,14.24972222,2015,6,26,177,2015-06-26,24.68,39.87,24.3,31.57,12.08,46.94,0.01,4.11,280.12,0.27,0.35,0.37
178,-15.17972222,14.24972222,2015,6,27,178,2015-06-27,25.04,39.94,24,31.36,11.23,43.88,0,3.77,266.56,0.24,0.34,0.37
179,-15.17972222,14.24972222,2015,6,28,179,2015-06-28,24.7,37.61,24.53,31.13,13.24,50.19,0,3.2,220.75,0.23,0.34,0.37
180,-15.17972222,14.24972222,2015,6,29,180,2015-06-29,22.74,38.76,25.72,32.27,13.18,46.38,0.32,2.73,192.69,0.22,0.34,0.37
181,-15.17972222,14.24972222,2015,6,30,181,2015-06-30,24.71,38.63,27,32.81,14.1,47.25,0.86,2.38,232.31,0.23,0.34,0.37
182,-15.17972222,14.24972222,2015,7,1,182,2015-07-01,22.66,35.8,27.62,30.94,15.93,58,5.79,2.38,256.31,0.34,0.35,0.37
183,-15.17972222,14.24972222,2015,7,2,183,2015-07-02,25.28,38.73,26.51,32.08,14.83,52.56,0.36,2.62,252.62,0.35,0.36,0.37
184,-15.17972222,14.24972222,2015,7,3,184,2015-07-03,18.52,37.51,27.12,31.72,14.28,51.19,0.02,3.69,282.5,0.31,0.35,0.37
185,-15.17972222,14.24972222,2015,7,4,185,2015-07-04,23.52,38.98,25.32,31.75,15.01,54.88,0.01,4.06,234.5,0.29,0.35,0.37
186,-15.17972222,14.24972222,2015,7,5,186,2015-07-05,24.48,37.93,25.33,31.55,15.5,56.12,0.13,3.66,237.25,0.27,0.35,0.37
187,-15.17972222,14.24972222,2015,7,6,187,2015-07-06,21.13,37.3,25.95,31.54,15.62,56.25,0.83,2.64,256.06,0.27,0.35,0.37
188,-15.17972222,14.24972222,2015,7,7,188,2015-07-07,20.3,36.25,26.72,31.26,14.89,53.75,0.72,2.37,206,0.29,0.35,0.37
189,-15.17972222,14.24972222,2015,7,8,189,2015-07-08,20.89,36.97,27.63,31.98,14.89,51.81,3.3,2.52,159.31,0.31,0.35,0.37
190,-15.17972222,14.24972222,2015,7,9,190,2015-07-09,14.53,28.77,25.36,26.94,18.43,83.25,29.25,3.44,139.81,0.58,0.4,0.38
191,-15.17972222,14.24972222,2015,7,10,191,2015-07-10,22.73,31.4,24.5,27.77,17.27,75.69,4.66,2.61,256.06,0.48,0.42,0.4
192,-15.17972222,14.24972222,2015,7,11,192,2015-07-11,21.68,34.1,24.32,29.21,16.54,67.62,0.91,1.43,263.06,0.42,0.41,0.4
193,-15.17972222,14.24972222,2015,7,12,193,2015-07-12,24.2,35.9,25.09,30.3,17.03,65.44,2.62,1.82,206.62,0.41,0.41,0.39
194,-15.17972222,14.24972222,2015,7,13,194,2015-07-13,24.46,33.07,26.19,29.33,16.72,66.88,0.78,1.62,226.12,0.41,0.41,0.39
195,-15.17972222,14.24972222,2015,7,14,195,2015-07-14,25.18,38.25,25.43,31,16.42,61.62,1.46,3.2,206.62,0.39,0.4,0.39
196,-15.17972222,14.24972222,2015,7,15,196,2015-07-15,19.15,35.61,25.72,30.3,17.4,66.94,3.37,2.8,256.06,0.41,0.4,0.39
197,-15.17972222,14.24972222,2015,7,16,197,2015-07-16,25.1,37.26,25.32,30.84,16.85,63.12,1.58,3.19,263.75,0.4,0.4,0.39
198,-15.17972222,14.24972222,2015,7,17,198,2015-07-17,24.43,34.26,25.37,29.45,17.27,68.94,3.77,2.79,229.06,0.42,0.4,0.39
199,-15.17972222,14.24972222,2015,7,18,199,2015-07-18,23,33.79,25.37,29.49,18.13,72.12,2.89,2.36,269.31,0.43,0.4,0.39
200,-15.17972222,14.24972222,2015,7,19,200,2015-07-19,19.55,36.16,25.77,29.82,15.56,62.12,0.44,3.9,283.06,0.4,0.4,0.39
201,-15.17972222,14.24972222,2015,7,20,201,2015-07-20,24.15,37.61,23.71,30.14,15.38,61.88,0.02,3.14,239.94,0.36,0.39,0.39
202,-15.17972222,14.24972222,2015,7,21,202,2015-07-21,22.49,35.8,24.93,29.86,15.87,62.94,0.04,3.4,248.69,0.35,0.38,0.39
203,-15.17972222,14.24972222,2015,7,22,203,2015-07-22,24.04,36.79,24.73,30.05,14.34,56.69,0,3.27,263.94,0.34,0.38,0.39
204,-15.17972222,14.24972222,2015,7,23,204,2015-07-23,25.15,36.5,23.33,29.4,14.89,61.25,0.01,3.36,253.56,0.34,0.38,0.38
205,-15.17972222,14.24972222,2015,7,24,205,2015-07-24,24.15,35.98,24.96,30.19,16.42,63.31,0.44,3.02,241.44,0.34,0.38,0.38
206,-15.17972222,14.24972222,2015,7,25,206,2015-07-25,16.5,32.01,25.69,28.47,18.07,75.69,6.54,2.57,244.94,0.42,0.38,0.39
207,-15.17972222,14.24972222,2015,7,26,207,2015-07-26,21.47,31.16,25.25,28.01,18.55,79.44,12.06,1.07,190.5,0.52,0.4,0.4
208,-15.17972222,14.24972222,2015,7,27,208,2015-07-27,17.67,31.39,24.78,27.87,18.49,80.19,6.6,1.66,227.38,0.48,0.41,0.4
209,-15.17972222,14.24972222,2015,7,28,209,2015-07-28,18.69,29.86,25.01,27.04,18.62,84.19,10.12,1.88,232.69,0.53,0.42,0.41
210,-15.17972222,14.24972222,2015,7,29,210,2015-07-29,20.12,31.39,23.98,27.22,18.25,82.06,11.51,3.21,231.12,0.53,0.43,0.41
211,-15.17972222,14.24972222,2015,7,30,211,2015-07-30,13.81,31.61,24.19,27.54,18.31,81.06,9.43,2.61,257.81,0.55,0.45,0.42
212,-15.17972222,14.24972222,2015,7,31,212,2015-07-31,18.41,28.73,24.37,26.3,18.49,87.12,11.59,2.86,280.38,0.58,0.46,0.43
213,-15.17972222,14.24972222,2015,8,1,213,2015-08-01,19.58,28.05,24.32,25.79,18.43,89.12,14.55,2.3,236.75,0.61,0.48,0.44
214,-15.17972222,14.24972222,2015,8,2,214,2015-08-02,19.76,31.16,23.95,27.03,17.82,81.38,3.15,1.16,265,0.54,0.48,0.45
215,-15.17972222,14.24972222,2015,8,3,215,2015-08-03,21.25,32.95,23.53,28.23,18.19,77.56,3.19,1.91,293.69,0.52,0.48,0.44
216,-15.17972222,14.24972222,2015,8,4,216,2015-08-04,23.21,31.9,24.88,27.79,18.25,79.31,2.79,2.7,276.62,0.52,0.47,0.44
217,-15.17972222,14.24972222,2015,8,5,217,2015-08-05,21.46,30.96,24.11,27.35,18.8,83.25,2.67,2.14,228,0.51,0.47,0.44
218,-15.17972222,14.24972222,2015,8,6,218,2015-08-06,19.87,32.34,24.2,27.93,18.8,81.12,1.46,3.23,235.56,0.48,0.46,0.44
219,-15.17972222,14.24972222,2015,8,7,219,2015-08-07,21.91,33.06,24.81,28.02,18.01,77.62,2.76,3.12,267.94,0.48,0.45,0.44
220,-15.17972222,14.24972222,2015,8,8,220,2015-08-08,23.58,32.27,23.34,27.19,17.46,78.56,5.47,1.75,233.31,0.5,0.45,0.44
221,-15.17972222,14.24972222,2015,8,9,221,2015-08-09,17,29.54,23.98,26.46,18.43,86,20.02,1.68,177.75,0.63,0.48,0.45
222,-15.17972222,14.24972222,2015,8,10,222,2015-08-10,20.53,30.59,23.82,26.93,18.55,84.56,2.28,2.81,180.62,0.54,0.48,0.45
223,-15.17972222,14.24972222,2015,8,11,223,2015-08-11,17.47,32.8,23.67,27.94,18.49,80.19,2.62,1.98,236.38,0.51,0.48,0.45
224,-15.17972222,14.24972222,2015,8,12,224,2015-08-12,18.78,29.2,24.27,26.58,18.8,86.94,9.8,1.49,256.88,0.58,0.48,0.45
225,-15.17972222,14.24972222,2015,8,13,225,2015-08-13,19.98,32.15,24.39,28.16,18.37,78.56,4.22,0.7,247.69,0.55,0.48,0.46
226,-15.17972222,14.24972222,2015,8,14,226,2015-08-14,14.93,33.95,25.01,28.96,18.74,76.38,4.4,1.68,219.75,0.53,0.48,0.46
227,-15.17972222,14.24972222,2015,8,15,227,2015-08-15,16.89,32.5,24.83,28.39,19.71,82.75,6.77,1.42,253.19,0.55,0.48,0.46
228,-15.17972222,14.24972222,2015,8,16,228,2015-08-16,23.79,32.1,25.31,28.19,19.47,82.69,10.9,1.17,237.75,0.6,0.49,0.46
229,-15.17972222,14.24972222,2015,8,17,229,2015-08-17,11.94,28.73,24.81,26.64,18.74,86.31,20.19,1.43,217.94,0.66,0.51,0.48
230,-15.17972222,14.24972222,2015,8,18,230,2015-08-18,20.82,30.56,23.83,26.87,19.17,87.38,17.14,1.43,199.81,0.67,0.55,0.49
231,-15.17972222,14.24972222,2015,8,19,231,2015-08-19,21.8,30.88,24.26,27.58,18.8,82.25,10.18,1.09,228.56,0.63,0.55,0.49
232,-15.17972222,14.24972222,2015,8,20,232,2015-08-20,17.83,29.58,24.79,26.76,19.35,88.38,17.93,1.7,142.81,0.69,0.56,0.51
233,-15.17972222,14.24972222,2015,8,21,233,2015-08-21,21,29.49,24.15,26.44,18.68,87.06,3.07,2.6,162.38,0.62,0.57,0.51
234,-15.17972222,14.24972222,2015,8,22,234,2015-08-22,21.82,31.94,22.45,27.27,18.37,82.19,7.96,1.34,156.06,0.62,0.55,0.51
235,-15.17972222,14.24972222,2015,8,23,235,2015-08-23,22.3,30.39,24.44,27.22,19.23,85.56,14.92,1.56,150.25,0.68,0.57,0.52
236,-15.17972222,14.24972222,2015,8,24,236,2015-08-24,24.6,31.77,23.42,27.48,18.92,83.56,4.03,1.52,216.5,0.62,0.57,0.52
237,-15.17972222,14.24972222,2015,8,25,237,2015-08-25,19.7,30.46,24.61,27.06,19.65,88.31,31.1,1.63,261.19,0.72,0.59,0.53
238,-15.17972222,14.24972222,2015,8,26,238,2015-08-26,23.87,31.82,24.37,27.69,19.17,83.69,1.79,1.25,208.5,0.64,0.6,0.54
239,-15.17972222,14.24972222,2015,8,27,239,2015-08-27,24.93,32.26,23.49,27.85,18.98,82.19,2.66,1.41,236.94,0.62,0.59,0.54
240,-15.17972222,14.24972222,2015,8,28,240,2015-08-28,23.72,30.61,24.61,27.34,19.65,86.75,6.61,1.83,279.88,0.64,0.58,0.54
241,-15.17972222,14.24972222,2015,8,29,241,2015-08-29,22.09,30.62,24.08,27.3,19.17,85.19,3.68,1.35,164.56,0.63,0.58,0.54
242,-15.17972222,14.24972222,2015,8,30,242,2015-08-30,19.18,29.84,24.12,26.35,18.74,88.06,10.82,3.58,180.88,0.65,0.57,0.54
243,-15.17972222,14.24972222,2015,8,31,243,2015-08-31,19.49,30.37,23.56,26.48,18.19,85.25,5.27,1.88,252.25,0.63,0.58,0.54
244,-15.17972222,14.24972222,2015,9,1,244,2015-09-01,9.98,29.5,23.95,26.13,18.86,89.69,23.62,2.19,301.94,0.72,0.59,0.55
245,-15.17972222,14.24972222,2015,9,2,245,2015-09-02,21.32,31.37,23.69,27.44,19.04,84.12,2.5,0.98,218.19,0.65,0.6,0.56
246,-15.17972222,14.24972222,2015,9,3,246,2015-09-03,23.46,31.83,24.26,28.27,19.41,81.62,5.93,1.09,220.94,0.65,0.59,0.56
247,-15.17972222,14.24972222,2015,9,4,247,2015-09-04,22.15,31.69,24.74,27.56,19.53,85.5,2.24,1.87,162.88,0.62,0.59,0.56
248,-15.17972222,14.24972222,2015,9,5,248,2015-09-05,21.06,31.77,23.89,27.5,19.71,86.69,5.96,2.3,219.69,0.63,0.58,0.55
249,-15.17972222,14.24972222,2015,9,6,249,2015-09-06,17.64,29.27,24.79,26.61,19.53,90.19,17.32,1.68,291.94,0.7,0.59,0.56
250,-15.17972222,14.24972222,2015,9,7,250,2015-09-07,15.41,29.05,23.65,25.78,18.98,91.75,12.05,2.79,208.44,0.7,0.61,0.57
251,-15.17972222,14.24972222,2015,9,8,251,2015-09-08,19.99,30.83,23.12,26.75,18.62,85.44,1.15,1.69,174.62,0.63,0.6,0.58
252,-15.17972222,14.24972222,2015,9,9,252,2015-09-09,21.2,31.23,23.52,27.46,19.29,85,1.45,1.58,270.88,0.62,0.59,0.57
253,-15.17972222,14.24972222,2015,9,10,253,2015-09-10,18,30.65,24.66,27.63,19.71,85.44,7,1.51,228.56,0.65,0.59,0.57
254,-15.17972222,14.24972222,2015,9,11,254,2015-09-11,22.7,30.56,25.14,27.43,19.9,87.31,5.22,1.59,129.62,0.65,0.59,0.57
255,-15.17972222,14.24972222,2015,9,12,255,2015-09-12,21.73,29.93,24.19,26.84,19.29,88,4.96,1.3,144,0.65,0.59,0.58
256,-15.17972222,14.24972222,2015,9,13,256,2015-09-13,13.7,30.37,24.27,26.97,19.78,89.38,6.83,1.55,192.88,0.65,0.59,0.58
257,-15.17972222,14.24972222,2015,9,14,257,2015-09-14,20.38,31.99,23.9,27.33,18.74,83.62,2.26,1.5,244.62,0.62,0.58,0.58
258,-15.17972222,14.24972222,2015,9,15,258,2015-09-15,22.71,30.07,23.98,26.76,19.29,88.38,7.04,1.97,230.12,0.64,0.58,0.58
259,-15.17972222,14.24972222,2015,9,16,259,2015-09-16,19.18,29.41,24.13,26.37,18.86,88.56,2.45,1.65,261.19,0.62,0.58,0.58
260,-15.17972222,14.24972222,2015,9,17,260,2015-09-17,23.64,31.65,22.98,27,18.31,83.44,2.55,1.29,275.81,0.62,0.57,0.58
261,-15.17972222,14.24972222,2015,9,18,261,2015-09-18,24.97,32.35,23.9,27.83,18.55,80.62,3.04,1.74,270.38,0.61,0.56,0.58
262,-15.17972222,14.24972222,2015,9,19,262,2015-09-19,25.22,32.85,23.37,28.01,19.29,82.81,4.21,1.41,179,0.6,0.55,0.57
263,-15.17972222,14.24972222,2015,9,20,263,2015-09-20,17.95,31.41,24.35,27.59,19.35,84.44,8.4,1.22,118.62,0.64,0.55,0.57
264,-15.17972222,14.24972222,2015,9,21,264,2015-09-21,14.79,28.9,24.25,26.7,19.17,87.88,10.94,0.8,180.06,0.66,0.57,0.58
265,-15.17972222,14.24972222,2015,9,22,265,2015-09-22,15.14,29.76,24.44,26.89,18.74,85.25,10.1,0.76,99.62,0.67,0.59,0.59
266,-15.17972222,14.24972222,2015,9,23,266,2015-09-23,20.8,31.23,23.72,27.51,18.62,81.81,5.48,0.69,145.56,0.65,0.59,0.59
267,-15.17972222,14.24972222,2015,9,24,267,2015-09-24,9.82,27.95,23.44,25.65,18.55,90.5,8.75,1.45,214.88,0.66,0.59,0.59
268,-15.17972222,14.24972222,2015,9,25,268,2015-09-25,22.82,32.55,22.12,27.56,18.19,80.44,1.48,0.9,290.5,0.62,0.59,0.59
269,-15.17972222,14.24972222,2015,9,26,269,2015-09-26,22.81,32.43,24.5,28.05,19.1,81.75,4.07,1.55,272.62,0.62,0.57,0.59
270,-15.17972222,14.24972222,2015,9,27,270,2015-09-27,17.6,29.9,24.76,27.07,19.17,85.94,8.02,1.02,214.75,0.66,0.58,0.59
271,-15.17972222,14.24972222,2015,9,28,271,2015-09-28,11.17,30.28,23.48,26.76,18.49,84.5,6.1,1.48,167.56,0.65,0.59,0.59
272,-15.17972222,14.24972222,2015,9,29,272,2015-09-29,15.64,28.09,23.23,25.59,18.43,90.12,11.37,2.03,115.38,0.66,0.59,0.59
273,-15.17972222,14.24972222,2015,9,30,273,2015-09-30,16.28,27.8,23.43,25.44,18.55,91.69,14.5,2.12,110.38,0.71,0.61,0.61
274,-15.17972222,14.24972222,2015,10,1,274,2015-10-01,17.84,31.98,22.84,27.45,18.43,81.69,1.7,1.09,73.88,0.64,0.6,0.61
275,-15.17972222,14.24972222,2015,10,2,275,2015-10-02,18.4,32.04,24.22,27.95,19.9,84.75,3.52,1.37,101.06,0.64,0.59,0.6
276,-15.17972222,14.24972222,2015,10,3,276,2015-10-03,16.58,31.85,25.2,28.29,19.71,83,16.88,0.66,182,0.71,0.6,0.61
277,-15.17972222,14.24972222,2015,10,4,277,2015-10-04,17.09,32.31,24.67,27.94,19.23,82.81,7.86,1.08,261.31,0.69,0.62,0.62
278,-15.17972222,14.24972222,2015,10,5,278,2015-10-05,21.89,32.79,23.87,28.48,19.29,80.81,2.19,0.94,174.31,0.65,0.62,0.62
279,-15.17972222,14.24972222,2015,10,6,279,2015-10-06,18.54,30.37,24.77,27.64,19.35,84,15.22,0.71,199.44,0.7,0.62,0.62
280,-15.17972222,14.24972222,2015,10,7,280,2015-10-07,17.43,29.75,24.34,26.6,19.35,89.5,17.02,1.33,121.5,0.74,0.65,0.63
281,-15.17972222,14.24972222,2015,10,8,281,2015-10-08,20.16,29.44,23.77,26.55,18.74,86.81,0.56,0.77,113.19,0.67,0.64,0.63
282,-15.17972222,14.24972222,2015,10,9,282,2015-10-09,21.9,31.05,23.33,27.2,18.68,83.62,2.93,1.49,297.25,0.66,0.63,0.63
283,-15.17972222,14.24972222,2015,10,10,283,2015-10-10,22.75,32.56,23.79,27.79,18.19,79.62,0.84,1.41,276,0.65,0.62,0.63
284,-15.17972222,14.24972222,2015,10,11,284,2015-10-11,23.28,33.4,23.47,28.04,18.8,80.81,0.73,1.3,190.56,0.63,0.61,0.62
285,-15.17972222,14.24972222,2015,10,12,285,2015-10-12,22.82,32.31,23.8,27.9,18.92,81.81,0.8,1.01,186.62,0.62,0.59,0.62
286,-15.17972222,14.24972222,2015,10,13,286,2015-10-13,19.71,31.46,24.98,27.8,19.1,82.5,7.03,0.74,177,0.66,0.59,0.62
287,-15.17972222,14.24972222,2015,10,14,287,2015-10-14,17.86,29.98,24.45,27.15,18.92,84.75,3.64,0.88,184.56,0.66,0.6,0.62
288,-15.17972222,14.24972222,2015,10,15,288,2015-10-15,19.12,30.6,23.81,27.29,18.37,81.75,4.05,0.84,206.81,0.65,0.59,0.62
289,-15.17972222,14.24972222,2015,10,16,289,2015-10-16,20.08,31.74,23.98,27.41,18.55,82.19,1.24,1.69,258.31,0.62,0.59,0.62
290,-15.17972222,14.24972222,2015,10,17,290,2015-10-17,20.79,30.2,23.33,26.55,17.21,80.19,0.16,1.7,223.94,0.62,0.59,0.62
291,-15.17972222,14.24972222,2015,10,18,291,2015-10-18,21.91,31.55,23.37,27.15,18.55,83.38,0.7,1.32,242.31,0.61,0.58,0.62
292,-15.17972222,14.24972222,2015,10,19,292,2015-10-19,21,29.43,24.26,26.65,18.92,87.06,0.75,0.88,193.88,0.61,0.58,0.62
293,-15.17972222,14.24972222,2015,10,20,293,2015-10-20,14.69,30.79,24.1,27.12,18.49,83.25,4.77,0.87,177.25,0.63,0.58,0.62
294,-15.17972222,14.24972222,2015,10,21,294,2015-10-21,17.15,30.87,23.91,26.73,18.13,83.88,3.74,1.19,262.62,0.63,0.58,0.62
295,-15.17972222,14.24972222,2015,10,22,295,2015-10-22,19.87,30.83,23.07,26.79,17.7,81.75,1.49,0.84,250.56,0.62,0.58,0.62
296,-15.17972222,14.24972222,2015,10,23,296,2015-10-23,17.74,32.05,23.24,27.44,17.33,77.38,0.2,1.03,259.81,0.6,0.57,0.61
297,-15.17972222,14.24972222,2015,10,24,297,2015-10-24,21.42,33.3,23.16,28.26,17.33,74,0.78,1.46,182.5,0.59,0.56,0.61
298,-15.17972222,14.24972222,2015,10,25,298,2015-10-25,17.62,30.01,23.7,26.58,17.94,83.25,1.07,1.69,238.12,0.59,0.55,0.6
299,-15.17972222,14.24972222,2015,10,26,299,2015-10-26,17.41,31.65,23.27,27.15,17.15,77.69,0.22,1.38,322.06,0.59,0.55,0.6
300,-15.17972222,14.24972222,2015,10,27,300,2015-10-27,16.17,32.91,22.76,27.64,15.99,71.12,0.03,1.44,182.69,0.57,0.55,0.6
301,-15.17972222,14.24972222,2015,10,28,301,2015-10-28,21.77,33.81,22.77,28.08,15.62,68.31,0.02,1.05,287.69,0.56,0.54,0.59
302,-15.17972222,14.24972222,2015,10,29,302,2015-10-29,21.94,34.83,22.14,27.98,15.93,70.88,0.33,1.2,227.94,0.55,0.53,0.59
303,-15.17972222,14.24972222,2015,10,30,303,2015-10-30,20.25,33.49,22.95,27.87,18.01,78.5,0.51,1.79,236.44,0.55,0.52,0.59
304,-15.17972222,14.24972222,2015,10,31,304,2015-10-31,21.53,32.46,23.87,27.65,18.55,81.38,0.49,1.33,206.44,0.55,0.52,0.58
305,-15.17972222,14.24972222,2015,11,1,305,2015-11-01,20.97,32.08,24.15,27.73,18.07,79.19,0.28,0.94,217.06,0.55,0.52,0.58
306,-15.17972222,14.24972222,2015,11,2,306,2015-11-02,17.91,29.5,23.94,26.4,18.01,84.31,1.04,0.78,174.38,0.55,0.52,0.58
307,-15.17972222,14.24972222,2015,11,3,307,2015-11-03,11.77,30.59,23.44,26.67,17.46,80.94,0.25,1.13,81.19,0.55,0.52,0.58
308,-15.17972222,14.24972222,2015,11,4,308,2015-11-04,20.64,33.37,23.97,27.96,16.24,70,0.01,1.01,137.12,0.54,0.52,0.57
309,-15.17972222,14.24972222,2015,11,5,309,2015-11-05,21.94,35.31,22.7,27.86,14.65,65.44,0,1.38,92.56,0.52,0.51,0.57
310,-15.17972222,14.24972222,2015,11,6,310,2015-11-06,21.92,34.5,21.26,27.1,13.55,63.94,0,1.24,147.56,0.52,0.5,0.56
311,-15.17972222,14.24972222,2015,11,7,311,2015-11-07,21.57,34.61,21.99,27.16,13.12,62.06,0,1.46,175.81,0.51,0.5,0.56
312,-15.17972222,14.24972222,2015,11,8,312,2015-11-08,21.02,33.58,21.15,26.13,13.67,67.88,0,1.41,148.81,0.5,0.49,0.55
313,-15.17972222,14.24972222,2015,11,9,313,2015-11-09,21.58,34.39,20.56,26.66,13.18,63.88,0,1.45,120.81,0.49,0.48,0.55
314,-15.17972222,14.24972222,2015,11,10,314,2015-11-10,21.42,31.63,21.15,25.62,13.31,66.62,0,1.12,107.75,0.5,0.48,0.55
315,-15.17972222,14.24972222,2015,11,11,315,2015-11-11,18.8,31.57,19.4,25.19,11.72,60.5,0,1.56,118.44,0.49,0.48,0.55
316,-15.17972222,14.24972222,2015,11,12,316,2015-11-12,14.56,33.68,20.66,27.11,12.88,59.69,0.14,1.15,228.94,0.49,0.48,0.55
317,-15.17972222,14.24972222,2015,11,13,317,2015-11-13,17.41,33.23,21.15,26.58,11.78,56.62,0,1.73,115.75,0.48,0.48,0.54
318,-15.17972222,14.24972222,2015,11,14,318,2015-11-14,16.15,33.72,22.76,27.46,14.71,65.75,0,1.41,177.94,0.48,0.47,0.54
319,-15.17972222,14.24972222,2015,11,15,319,2015-11-15,19.1,31.73,22.18,26.73,15.01,69.81,0,1.44,114.69,0.48,0.47,0.53
320,-15.17972222,14.24972222,2015,11,16,320,2015-11-16,19.71,31.77,19.15,24.29,8.85,50.75,0,2.34,53.62,0.47,0.47,0.53
321,-15.17972222,14.24972222,2015,11,17,321,2015-11-17,17.92,31.02,16.64,23.3,8.73,50.75,0,2.02,66.88,0.47,0.46,0.53
322,-15.17972222,14.24972222,2015,11,18,322,2015-11-18,19.99,32.55,17.82,24.25,9.95,55.38,0,2.14,86.19,0.46,0.46,0.52
323,-15.17972222,14.24972222,2015,11,19,323,2015-11-19,15.71,31.58,17.21,23.79,10.01,56.69,0,2.36,78.81,0.46,0.45,0.52
324,-15.17972222,14.24972222,2015,11,20,324,2015-11-20,20.64,32.71,19.57,24.58,9.4,51.25,0,2.82,75.25,0.45,0.45,0.52
325,-15.17972222,14.24972222,2015,11,21,325,2015-11-21,17.7,31.49,16.73,23.54,8.73,51.06,0,2.2,63.25,0.45,0.45,0.52
326,-15.17972222,14.24972222,2015,11,22,326,2015-11-22,12.42,30.95,18.69,23.97,9.22,51.75,0,1.44,79,0.45,0.45,0.52
327,-15.17972222,14.24972222,2015,11,23,327,2015-11-23,19.76,30.99,17.69,23.85,9.7,53.88,0,1.48,95,0.45,0.45,0.51
328,-15.17972222,14.24972222,2015,11,24,328,2015-11-24,20.43,30.93,19.75,24.21,10.5,57.88,0,1.34,70.31,0.45,0.45,0.51
329,-15.17972222,14.24972222,2015,11,25,329,2015-11-25,19.89,33.98,18.53,24.9,9.52,51.19,0,2.23,51.06,0.45,0.45,0.51
330,-15.17972222,14.24972222,2015,11,26,330,2015-11-26,20,30.37,18.92,23.4,8.48,48.94,0,2.2,63.5,0.44,0.44,0.51
331,-15.17972222,14.24972222,2015,11,27,331,2015-11-27,14.59,32.93,17.08,24.22,8.97,51,0,1.92,72.19,0.44,0.44,0.5
332,-15.17972222,14.24972222,2015,11,28,332,2015-11-28,17.03,33.13,19.72,25.1,9.4,48.94,0,1.98,67.81,0.44,0.44,0.5
333,-15.17972222,14.24972222,2015,11,29,333,2015-11-29,15.61,34.06,18.5,25.1,8.48,45.94,0,2.26,59.38,0.43,0.43,0.5
334,-15.17972222,14.24972222,2015,11,30,334,2015-11-30,12.05,34.78,18.83,25.08,7.08,38.56,0,3.15,70.81,0.41,0.43,0.49
335,-15.17972222,14.24972222,2015,12,1,335,2015-12-01,16.2,33.56,16.78,23.93,7.26,41.94,0,2.63,88.25,0.41,0.42,0.49
336,-15.17972222,14.24972222,2015,12,2,336,2015-12-02,18.9,33.71,15.86,24.08,8.54,48.94,0,1.69,133.81,0.41,0.42,0.48
337,-15.17972222,14.24972222,2015,12,3,337,2015-12-03,16.53,33.42,18.01,24.51,8.24,46.38,0,2.06,68.38,0.41,0.42,0.48
338,-15.17972222,14.24972222,2015,12,4,338,2015-12-04,16.18,32.66,17.23,23.76,8.73,50.62,0,2.75,88,0.41,0.42,0.48
339,-15.17972222,14.24972222,2015,12,5,339,2015-12-05,18.16,32.35,17.39,23.26,7.69,46.38,0,2.84,86.75,0.41,0.41,0.48
340,-15.17972222,14.24972222,2015,12,6,340,2015-12-06,18.87,31.9,15.4,23.25,7.39,45.06,0,2.13,106.25,0.41,0.41,0.48
341,-15.17972222,14.24972222,2015,12,7,341,2015-12-07,19,31.73,16.89,23.65,8.06,46.62,0,1.73,99.38,0.41,0.41,0.48
342,-15.17972222,14.24972222,2015,12,8,342,2015-12-08,20.12,32.85,16.17,23.75,7.87,46.44,0,2.14,76.88,0.4,0.41,0.48
343,-15.17972222,14.24972222,2015,12,9,343,2015-12-09,19.74,33.75,16.43,24.63,7.69,43,0,2.24,75.5,0.39,0.41,0.48
344,-15.17972222,14.24972222,2015,12,10,344,2015-12-10,16.79,29.09,18.21,23.47,8.61,49.56,0,1.97,67.31,0.4,0.41,0.47
345,-15.17972222,14.24972222,2015,12,11,345,2015-12-11,9.17,30.87,18.37,23.46,6.96,40.31,0,2.23,58.06,0.4,0.41,0.47
346,-15.17972222,14.24972222,2015,12,12,346,2015-12-12,15.24,33.24,16.43,24.12,5.98,35.38,0,1.75,61.56,0.39,0.41,0.47
347,-15.17972222,14.24972222,2015,12,13,347,2015-12-13,13.55,33.27,15.89,24.34,6.04,34.94,0,1.51,55.5,0.38,0.41,0.47
348,-15.17972222,14.24972222,2015,12,14,348,2015-12-14,15.36,30.18,16.42,23.51,6.96,40.31,0,1.47,110.69,0.39,0.41,0.46
349,-15.17972222,14.24972222,2015,12,15,349,2015-12-15,15.59,32.52,19.42,25.08,8.36,43.69,0,1.64,117.06,0.39,0.41,0.46
350,-15.17972222,14.24972222,2015,12,16,350,2015-12-16,19.4,31.72,17.35,23.04,6.47,38.81,0,2.75,66.81,0.38,0.41,0.46
351,-15.17972222,14.24972222,2015,12,17,351,2015-12-17,20.19,31.7,15.57,22.9,6.23,37.19,0,2.66,79.75,0.38,0.41,0.46
352,-15.17972222,14.24972222,2015,12,18,352,2015-12-18,20.51,33.22,14.39,22.75,6.16,38.81,0,2.8,93.88,0.38,0.4,0.46
353,-15.17972222,14.24972222,2015,12,19,353,2015-12-19,19.86,32.12,14.49,22.58,5.62,35.75,0,2.36,78.44,0.38,0.4,0.45
354,-15.17972222,14.24972222,2015,12,20,354,2015-12-20,18.09,31.87,15.02,22.88,5.25,32.88,0,2.2,62.38,0.38,0.4,0.45
355,-15.17972222,14.24972222,2015,12,21,355,2015-12-21,19.52,31.74,15.49,22.1,6.23,39.81,0,2.46,97.56,0.38,0.4,0.45
356,-15.17972222,14.24972222,2015,12,22,356,2015-12-22,19.26,33.52,15.2,23.81,7.63,44,0,1.81,149.19,0.37,0.4,0.45
357,-15.17972222,14.24972222,2015,12,23,357,2015-12-23,18.43,33.93,17.48,25.29,7.69,41.06,0,1.94,74.88,0.37,0.4,0.45
358,-15.17972222,14.24972222,2015,12,24,358,2015-12-24,14.24,31.73,18.27,24.35,6.35,34.56,0,2.77,68.62,0.37,0.39,0.45
359,-15.17972222,14.24972222,2015,12,25,359,2015-12-25,16.19,32.3,18.19,25.15,7.02,37.19,0,2.14,85.19,0.37,0.39,0.45
360,-15.17972222,14.24972222,2015,12,26,360,2015-12-26,12.93,31.07,17.7,22.89,5.37,32.69,0,2.66,55.06,0.37,0.39,0.45
361,-15.17972222,14.24972222,2015,12,27,361,2015-12-27,8.52,32.36,17.15,24.21,5.13,28.88,0,3.22,42.12,0.36,0.39,0.45
362,-15.17972222,14.24972222,2015,12,28,362,2015-12-28,11.86,29.61,20.13,23.3,5,28.62,0,3.92,52.19,0.35,0.39,0.45
363,-15.17972222,14.24972222,2015,12,29,363,2015-12-29,16.67,30.53,16.86,22.57,4.52,28.19,0,3.92,61.81,0.35,0.39,0.45
364,-15.17972222,14.24972222,2015,12,30,364,2015-12-30,15.26,32.37,16.12,23.28,5.37,32.94,0,2.57,72,0.35,0.38,0.44
365,-15.17972222,14.24972222,2015,12,31,365,2015-12-31,16.57,32.87,17.35,24.02,5.86,34.31,0,2.44,84.5,0.35,0.38,0.44
